Player,TRB,AST,STL,BLK,PTS
Alaa Abdelnaby,3.3,0.3,0.3,0.3,5.7
Kareem Abdul-Jabbar,11.2,3.6,0.9,2.6,24.6
Mahmoud Abdul-Rauf,1.9,3.5,0.8,0.1,14.6
Tariq Abdul-Wahad,3.3,1.1,0.8,0.4,7.8
Shareef Abdur-Rahim,7.5,2.5,1.0,0.8,18.1
Álex Abrines,1.4,0.5,0.5,0.1,5.3
Alex Acker,1.0,0.5,0.2,0.1,2.7
Mark Acres,4.1,0.5,0.4,0.3,3.6
Quincy Acy,3.5,0.6,0.4,0.4,4.9
Alvan Adams,7.0,4.1,1.3,0.8,14.1
Hassan Adams,1.2,0.2,0.2,0.1,2.5
Jaylen Adams,1.5,1.6,0.3,0.1,2.7
Jordan Adams,0.9,0.6,0.6,0.2,3.2
Michael Adams,2.9,6.4,1.7,0.1,14.7
Steven Adams,7.7,1.2,0.9,1.0,9.6
Rafael Addison,2.1,0.9,0.4,0.2,5.8
Bam Adebayo,8.0,3.3,0.8,0.9,12.0
Deng Adel,1.0,0.3,0.1,0.2,1.7
Jeff Adrien,4.3,0.7,0.3,0.5,4.6
Arron Afflalo,2.9,1.8,0.4,0.2,10.8
Maurice Ager,0.6,0.2,0.1,0.1,2.1
Mark Aguirre,5.0,3.1,0.7,0.3,20.0
Blake Ahearn,1.2,1.2,0.4,0.0,4.6
Danny Ainge,2.7,4.0,1.1,0.1,11.5
Alexis Ajinça,3.9,0.5,0.3,0.6,5.3
DeVaughn Akoon-Purcell,0.6,0.9,0.3,0.0,1.0
Mark Alarie,3.4,1.1,0.4,0.3,7.5
Furkan Aldemir,4.3,0.7,0.4,0.4,2.3
LaMarcus Aldridge,8.3,2.0,0.7,1.1,19.4
Chuck Aleksinas,3.6,0.5,0.2,0.2,5.1
Cory Alexander,1.6,2.7,0.9,0.1,5.5
Courtney Alexander,2.2,1.2,0.6,0.1,9.0
Joe Alexander,1.8,0.7,0.2,0.4,4.2
Ty-Shon Alexander,0.4,0.2,0.0,0.0,0.8
Victor Alexander,4.8,0.9,0.5,0.6,8.9
Nickeil Alexander-Walker,2.4,2.0,0.6,0.3,7.8
Steve Alford,0.9,1.0,0.5,0.1,4.4
Rawle Alkins,2.6,1.3,0.1,0.0,3.7
Grayson Allen,2.0,1.3,0.4,0.1,8.0
Jarrett Allen,8.1,1.3,0.5,1.4,10.6
Jerome Allen,1.1,1.7,0.4,0.1,2.9
Kadeem Allen,1.5,2.3,0.5,0.2,5.5
Lavoy Allen,4.8,1.0,0.3,0.6,4.8
Malik Allen,2.8,0.5,0.3,0.5,4.9
Randy Allen,2.1,0.3,0.2,0.3,3.6
Ray Allen,4.1,3.4,1.1,0.2,18.9
Tony Allen,3.5,1.3,1.4,0.4,8.1
Morris Almond,1.2,0.3,0.3,0.1,3.1
Derrick Alston,3.8,0.7,0.7,0.6,5.4
Rafer Alston,2.8,4.8,1.2,0.2,10.1
John Amaechi,2.6,0.8,0.3,0.3,6.2
Ashraf Amaya,4.2,0.4,0.3,0.2,4.5
Al-Farouq Aminu,6.0,1.2,1.0,0.6,7.6
Lou Amundson,3.6,0.4,0.4,0.7,3.7
Chris Andersen,5.0,0.5,0.4,1.4,5.4
David Andersen,2.8,0.6,0.2,0.2,4.9
Alan Anderson,2.2,1.1,0.6,0.1,7.3
Derek Anderson,3.2,3.4,1.1,0.1,12.0
Eric Anderson,1.1,0.2,0.1,0.1,1.6
Greg Anderson,6.2,0.6,0.7,0.9,7.3
J.J. Anderson,2.8,0.7,0.7,0.2,4.8
James Anderson,2.3,1.2,0.5,0.2,5.8
Justin Anderson,2.5,0.7,0.4,0.3,5.2
Kenny Anderson,3.1,6.1,1.5,0.1,12.6
Kyle Anderson,4.2,2.1,1.0,0.6,6.2
Michael Anderson,2.5,4.3,1.2,0.1,5.7
Nick Anderson,5.1,2.6,1.4,0.5,14.4
Richard Anderson,3.5,1.5,0.6,0.2,5.6
Ron Anderson,3.5,1.4,0.7,0.1,10.6
Ryan Anderson,5.3,0.9,0.5,0.3,12.3
Shandon Anderson,3.1,1.4,0.8,0.3,7.4
Willie Anderson,3.8,3.8,1.1,0.6,12.2
Chris Anstey,3.4,0.8,0.5,0.4,5.2
Giannis Antetokounmpo,9.1,4.5,1.2,1.3,20.8
Thanasis Antetokounmpo,1.8,0.7,0.4,0.2,3.1
Carmelo Anthony,6.4,2.8,1.0,0.5,23.2
Cole Anthony,4.4,3.8,0.7,0.4,11.0
Greg Anthony,1.9,4.0,1.2,0.1,7.3
Pero Antić,3.5,0.9,0.3,0.2,6.3
OG Anunoby,3.9,1.1,1.0,0.4,8.7
Keith Appling,0.2,0.2,0.2,0.0,1.2
Rafael Araújo,2.8,0.3,0.4,0.1,2.8
Tiny Archibald,2.3,7.4,1.1,0.1,18.8
Ryan Arcidiacono,2.1,2.3,0.6,0.0,4.9
Gilbert Arenas,3.9,5.3,1.6,0.2,20.7
Trevor Ariza,4.8,2.2,1.5,0.3,10.5
B.J. Armstrong,1.8,3.3,0.7,0.1,9.8
Brandon Armstrong,0.6,0.2,0.2,0.0,2.2
Darrell Armstrong,2.7,4.0,1.3,0.1,9.2
Hilton Armstrong,2.6,0.3,0.3,0.5,3.0
Carlos Arroyo,1.7,3.1,0.5,0.0,6.6
Darrell Arthur,3.5,0.8,0.6,0.6,6.5
Jamel Artis,2.5,1.2,0.1,0.2,5.1
Ömer Aşık,7.1,0.6,0.4,0.7,5.3
Vincent Askew,2.5,2.2,0.7,0.2,7.1
Keith Askins,2.9,0.8,0.6,0.3,3.8
Chucky Atkins,1.7,3.4,0.7,0.1,9.9
Stacey Augmon,3.2,1.6,1.0,0.3,8.0
D.J. Augustin,1.9,4.0,0.6,0.0,9.7
Isaac Austin,4.7,1.2,0.5,0.5,7.6
Deni Avdija,4.8,1.2,0.6,0.2,6.2
Anthony Avent,4.5,0.8,0.5,0.6,5.6
William Avery,0.7,1.4,0.2,0.0,2.7
Gustavo Ayón,4.4,1.3,0.7,0.5,4.7
Jeff Ayres,2.7,0.4,0.2,0.3,2.9
Deandre Ayton,10.7,1.7,0.7,1.1,16.2
Kelenna Azubuike,4.0,1.1,0.6,0.5,10.5
Luke Babbitt,2.2,0.6,0.2,0.2,4.8
Dwayne Bacon,2.5,1.1,0.4,0.1,6.6
Dalibor Bagarić,2.5,0.4,0.3,0.5,2.6
John Bagley,2.6,6.0,1.1,0.1,8.7
Marvin Bagley,7.5,1.0,0.5,0.8,14.5
James Bailey,5.0,0.8,0.5,0.9,8.8
Thurl Bailey,5.1,1.4,0.5,1.2,12.8
Toby Bailey,1.7,0.6,0.3,0.1,3.3
Cameron Bairstow,1.0,0.2,0.1,0.1,1.2
Ron Baker,1.4,1.8,0.7,0.2,3.1
Vin Baker,7.4,1.9,0.7,1.0,15.0
Wade Baldwin,1.2,1.4,0.4,0.2,3.1
Renaldo Balkman,3.5,0.6,0.7,0.5,4.0
LaMelo Ball,5.9,6.1,1.6,0.3,15.9
Lonzo Ball,5.8,6.4,1.5,0.6,11.4
Greg Ballard,6.1,2.2,1.1,0.3,12.4
Mohamed Bamba,4.8,0.7,0.3,1.3,5.7
Desmond Bane,3.0,1.4,0.7,0.2,9.3
Gene Banks,5.8,2.9,0.9,0.2,11.3
Marcus Banks,1.5,2.1,0.8,0.2,5.9
Ken Bannister,3.5,0.4,0.4,0.3,5.9
Mike Bantom,6.4,2.3,0.9,0.7,12.1
Leandro Barbosa,2.0,2.1,0.8,0.1,10.6
Steve Bardo,1.8,1.3,0.4,0.1,2.2
J.J. Barea,2.1,3.9,0.4,0.0,8.9
Andrea Bargnani,4.6,1.2,0.4,0.9,14.3
Charles Barkley,11.7,3.9,1.5,0.8,22.1
Erick Barkley,0.8,1.5,0.7,0.0,2.9
Harrison Barnes,5.0,1.8,0.7,0.2,13.8
Matt Barnes,4.6,1.8,0.8,0.5,8.2
Andre Barrett,1.1,2.0,0.4,0.0,3.3
RJ Barrett,5.5,2.8,0.9,0.3,15.7
Earl Barron,3.5,0.5,0.3,0.2,4.6
Dana Barros,1.9,3.3,0.9,0.1,10.5
Brent Barry,3.0,3.2,1.0,0.3,9.3
Drew Barry,1.1,1.9,0.3,0.0,2.2
Jon Barry,1.8,2.2,0.9,0.1,5.7
Will Barton,4.2,2.6,0.8,0.4,11.2
Eddie Basden,1.5,0.4,0.5,0.1,2.1
Brandon Bass,4.5,0.8,0.4,0.6,8.7
Maceo Baston,1.7,0.2,0.2,0.4,2.7
Mengke Bateer,2.5,0.6,0.2,0.1,3.4
Billy Ray Bates,1.7,1.9,0.8,0.1,11.7
Keita Bates-Diop,2.6,0.6,0.5,0.4,5.3
Esteban Batista,2.5,0.2,0.3,0.2,1.7
Mike Batiste,3.4,0.7,0.6,0.2,6.4
Tony Battie,5.1,0.6,0.5,0.9,6.1
Shane Battier,4.2,1.8,1.0,0.9,8.6
John Battle,1.3,2.1,0.4,0.1,8.7
Kenny Battle,2.4,0.8,0.7,0.2,4.7
Dave Batton,2.1,0.6,0.3,0.3,3.2
Nicolas Batum,5.2,3.7,1.0,0.6,11.4
Lonny Baxter,2.9,0.2,0.2,0.4,3.9
Jerryd Bayless,2.1,2.9,0.6,0.1,8.4
Aron Baynes,4.6,0.8,0.2,0.5,5.9
Sergei Bazarevich,0.7,1.4,0.1,0.1,3.0
Kent Bazemore,3.2,1.8,1.0,0.5,8.5
Darius Bazley,5.3,1.0,0.4,0.7,7.9
Bradley Beal,4.1,4.0,1.1,0.4,21.7
Malik Beasley,2.3,1.2,0.6,0.1,9.9
Michael Beasley,4.7,1.3,0.6,0.5,12.4
Rodrigue Beaubois,1.9,2.1,0.7,0.3,7.1
Corey Beck,1.4,1.4,0.5,0.1,2.7
William Bedford,2.4,0.5,0.2,0.5,4.1
Marco Belinelli,2.1,1.7,0.6,0.1,9.7
Charlie Bell,2.2,2.3,0.8,0.1,8.5
Jordan Bell,3.1,1.3,0.4,0.8,3.7
Raja Bell,2.8,1.7,0.7,0.2,9.9
Troy Bell,0.7,0.7,0.2,0.0,1.8
DeAndre' Bembry,3.3,1.9,1.0,0.4,6.0
Dragan Bender,3.9,1.3,0.3,0.6,5.4
Jonathan Bender,2.2,0.6,0.2,0.6,5.5
Benoit Benjamin,7.5,1.3,0.6,2.0,11.4
Corey Benjamin,1.7,0.9,0.5,0.3,5.5
Anthony Bennett,3.1,0.5,0.4,0.2,4.4
Elmer Bennett,0.5,1.0,0.4,0.0,2.3
Mario Bennett,2.7,0.4,0.5,0.3,4.0
Tony Bennett,1.0,2.0,0.5,0.0,3.5
Winston Bennett,3.0,0.9,0.4,0.2,4.8
David Benoit,4.0,0.6,0.4,0.5,7.0
Kent Benson,5.7,1.8,0.9,0.9,9.1
Ricky Berry,3.1,1.3,0.6,0.3,11.0
Walter Berry,4.7,1.4,0.6,0.7,14.1
Dāvis Bertāns,2.8,1.1,0.4,0.4,8.3
Travis Best,1.8,3.5,0.9,0.1,7.6
Patrick Beverley,4.3,3.4,1.2,0.5,8.9
Saddiq Bey,4.1,1.3,0.6,0.1,10.7
Tyler Bey,1.3,0.1,0.0,0.1,0.9
Henry Bibby,2.3,3.3,0.9,0.1,8.6
Mike Bibby,3.1,5.5,1.2,0.1,14.7
Andris Biedriņš,7.0,0.9,0.6,1.1,6.3
Chauncey Billups,2.9,5.4,1.0,0.2,15.2
Khem Birch,4.4,0.9,0.4,0.5,4.7
Jabari Bird,1.5,0.6,0.2,0.1,3.0
Larry Bird,10.0,6.3,1.7,0.8,24.3
Otis Birdsong,3.0,3.2,1.2,0.2,18.0
Goga Bitadze,2.2,0.4,0.2,0.8,3.6
Bismack Biyombo,6.2,0.6,0.3,1.3,5.2
Nemanja Bjelica,4.7,1.7,0.7,0.4,7.9
Tarik Black,4.7,0.5,0.4,0.5,4.9
Rolando Blackman,3.3,3.0,0.7,0.3,18.0
Alex Blackwell,0.9,0.3,0.1,0.1,1.3
Cory Blackwell,1.6,0.4,0.4,0.1,3.4
Nate Blackwell,0.6,1.8,0.3,0.0,3.7
DeJuan Blair,5.1,0.8,0.7,0.3,6.8
Steve Blake,2.1,4.0,0.7,0.1,6.5
Antonio Blakeney,1.8,0.8,0.3,0.1,7.5
Will Blalock,1.1,1.2,0.4,0.0,1.8
Lance Blanks,0.8,0.8,0.3,0.1,2.0
Andray Blatche,5.4,1.4,0.9,0.8,10.1
Mookie Blaylock,4.1,6.7,2.3,0.3,13.5
Eric Bledsoe,3.9,4.8,1.4,0.5,14.0
Jaron Blossomgame,3.6,0.5,0.3,0.3,4.2
Corie Blount,4.2,0.7,0.5,0.4,3.6
Mark Blount,4.6,0.8,0.5,0.8,8.2
Vander Blue,1.3,1.2,0.4,0.0,3.0
Ray Blume,0.8,1.4,0.5,0.0,4.6
Keith Bogans,2.7,1.3,0.6,0.1,6.3
Bogdan Bogdanović,3.2,3.4,1.0,0.2,13.4
Bojan Bogdanović,3.5,1.5,0.5,0.1,14.3
Muggsy Bogues,2.6,7.6,1.5,0.0,7.7
Andrew Bogut,8.7,2.2,0.6,1.5,9.6
Bol Bol,1.3,0.4,0.1,0.4,3.4
Manute Bol,4.2,0.3,0.2,3.3,2.6
Jonah Bolden,3.4,0.8,0.4,0.8,4.3
Joel Bolomboy,1.5,0.1,0.2,0.1,1.7
Walter Bond,1.9,1.2,0.6,0.2,5.7
Dexter Boney,0.8,0.0,0.3,0.1,2.4
Isaac Bonga,2.6,0.9,0.5,0.3,3.5
Anthony Bonner,5.4,1.4,1.1,0.3,6.9
Matt Bonner,3.0,0.7,0.4,0.3,5.8
Devin Booker,3.7,4.7,0.8,0.3,22.8
Melvin Booker,1.2,2.3,0.3,0.1,5.2
Trevor Booker,5.5,1.1,0.7,0.5,6.9
Calvin Booth,2.8,0.4,0.3,1.0,3.3
Keith Booth,2.2,0.9,0.5,0.2,2.9
Carlos Boozer,9.5,2.2,0.9,0.4,16.2
Curtis Borchardt,3.3,0.8,0.2,0.6,3.1
Lazaro Borrell,2.4,0.6,0.4,0.2,3.6
Chris Bosh,8.5,2.0,0.8,1.0,19.2
Tom Boswell,4.7,1.6,0.4,0.3,7.7
Chris Boucher,4.6,0.6,0.4,1.3,8.2
Cal Bowdler,1.9,0.2,0.3,0.3,3.0
Brian Bowen,0.9,0.0,0.0,0.1,1.0
Bruce Bowen,2.8,1.2,0.8,0.4,6.1
Ryan Bowen,2.1,0.5,0.6,0.3,2.6
Anthony Bowie,2.2,1.8,0.6,0.2,6.4
Sam Bowie,7.5,2.1,0.5,1.8,10.9
Ira Bowman,0.3,0.5,0.2,0.0,0.9
Ky Bowman,2.7,2.9,1.0,0.2,7.4
Donnie Boyce,0.8,0.5,0.4,0.2,2.6
Earl Boykins,1.3,3.2,0.6,0.1,8.9
Cedric Bozeman,1.0,0.4,0.2,0.1,1.1
Craig Brackins,1.1,0.5,0.1,0.1,1.8
Alex Bradley,1.7,0.3,0.3,0.1,3.5
Avery Bradley,2.9,1.8,1.0,0.2,11.7
Charles Bradley,1.1,0.5,0.4,0.3,3.2
Dudley Bradley,1.8,1.9,1.6,0.3,5.2
Michael Bradley,3.4,0.5,0.1,0.3,2.8
Shawn Bradley,6.3,0.7,0.6,2.5,8.1
Tony Bradley,4.5,0.5,0.2,0.5,4.7
Adrian Branch,1.9,0.7,0.6,0.1,6.4
Elton Brand,8.5,2.1,0.9,1.7,15.9
Terrell Brandon,3.0,6.1,1.6,0.3,13.8
Brad Branson,2.9,0.7,0.4,0.4,5.4
Jarrell Brantley,1.2,0.6,0.3,0.3,1.9
Mike Bratz,1.8,3.2,0.9,0.1,7.0
Ignas Brazdeikis,0.5,0.4,0.0,0.1,1.5
Tim Breaux,0.9,0.4,0.2,0.1,2.9
J.R. Bremer,1.8,2.2,0.6,0.1,6.5
Randy Breuer,4.4,0.9,0.4,1.1,6.8
Corey Brewer,2.8,1.5,1.2,0.3,8.7
Jamison Brewer,0.9,1.0,0.4,0.0,1.6
Jim Brewer,6.3,1.5,0.8,0.7,5.8
Ron Brewer,1.9,1.8,1.0,0.5,11.9
Ronnie Brewer,2.8,1.6,1.2,0.2,7.8
Primož Brezec,3.9,0.5,0.2,0.4,7.2
Frank Brickowski,4.7,1.9,0.9,0.4,10.0
Junior Bridgeman,3.5,2.4,0.8,0.3,13.6
Mikal Bridges,3.9,2.0,1.3,0.6,9.8
Miles Bridges,5.0,1.6,0.7,0.7,9.9
Isaiah Briscoe,1.9,2.2,0.3,0.1,3.5
Oshae Brissett,1.4,0.4,0.2,0.1,1.9
Jon Brockman,3.1,0.3,0.2,0.1,2.1
Ryan Broekhoff,1.8,0.6,0.2,0.1,4.0
Jim Brogan,1.5,1.8,0.6,0.2,5.1
Malcolm Brogdon,4.0,4.6,0.9,0.2,14.8
Aaron Brooks,1.7,3.0,0.6,0.1,9.7
Dillon Brooks,3.0,1.9,0.9,0.3,13.4
Kevin Brooks,1.1,0.4,0.1,0.0,3.3
MarShon Brooks,2.1,1.4,0.6,0.2,8.0
Michael Brooks,6.3,2.6,1.2,0.4,12.8
Scott Brooks,1.0,2.4,0.7,0.0,4.9
Andre Brown,2.4,0.1,0.2,0.1,2.6
Anthony Brown,2.5,0.7,0.5,0.1,3.9
Bobby Brown,0.7,1.5,0.3,0.0,4.4
Bruce Brown,3.8,2.2,0.8,0.4,6.9
Charlie Brown,0.4,0.2,0.2,0.2,2.0
Chucky Brown,3.1,0.8,0.3,0.3,5.9
Damone Brown,1.3,0.5,0.1,0.2,2.8
Dee Brown,2.6,3.7,1.3,0.3,11.1
Dee Brown,1.0,1.8,0.5,0.1,2.1
Derrick Brown,2.4,0.7,0.5,0.2,5.2
Devin Brown,2.8,1.5,0.6,0.1,7.2
Fred Brown,2.7,3.3,1.4,0.2,14.6
Gerald Brown,0.7,0.9,0.2,0.0,2.4
Jabari Brown,1.9,2.1,0.6,0.1,11.9
Jaylen Brown,4.6,1.7,0.9,0.4,14.7
Kedrick Brown,2.4,0.7,0.6,0.2,3.6
Kwame Brown,5.5,0.9,0.5,0.6,6.6
Lorenzo Brown,1.5,1.8,0.6,0.1,2.8
Marcus Brown,0.8,0.9,0.3,0.1,3.4
Markel Brown,2.1,1.2,0.6,0.2,5.2
Mike Brown,4.4,0.7,0.4,0.3,5.0
P.J. Brown,7.7,1.5,0.8,1.0,9.1
Randy Brown,1.8,2.2,1.1,0.2,4.8
Rickey Brown,3.5,0.4,0.3,0.3,4.4
Shannon Brown,1.9,1.1,0.7,0.2,7.6
Sterling Brown,3.4,1.1,0.6,0.2,5.8
Tierre Brown,1.2,2.0,0.5,0.0,3.9
Tony Brown,2.1,1.6,0.7,0.1,6.0
Troy Brown,4.1,1.9,0.8,0.1,7.4
Jalen Brunson,2.6,3.3,0.5,0.0,9.8
Rick Brunson,1.3,2.6,0.6,0.1,3.2
Nicolás Brussino,1.7,0.8,0.3,0.1,2.6
Joe Bryant,4.0,1.7,0.9,0.3,8.7
Kobe Bryant,5.2,4.7,1.4,0.5,25.0
Mark Bryant,3.8,0.6,0.4,0.2,5.4
Thomas Bryant,6.0,1.4,0.4,0.9,10.7
Steve Bucknall,0.4,0.6,0.1,0.1,1.3
Greg Buckner,2.8,1.3,0.8,0.2,5.0
Quinn Buckner,2.7,4.3,1.9,0.1,8.2
Chase Budinger,3.0,1.2,0.5,0.2,7.9
Jud Buechler,1.8,0.8,0.4,0.2,3.3
Rodney Buford,2.6,0.8,0.5,0.1,6.4
Matt Bullard,2.0,0.9,0.3,0.2,5.3
Reggie Bullock,2.3,1.2,0.6,0.1,7.2
Pat Burke,2.1,0.3,0.2,0.3,3.7
Trey Burke,1.9,3.3,0.6,0.1,10.2
Roger Burkman,1.0,0.8,1.0,0.3,0.8
Alec Burks,3.3,1.9,0.7,0.2,10.5
Antonio Burks,0.6,1.3,0.4,0.0,2.3
Kevin Burleson,0.7,1.2,0.7,0.1,1.8
Scott Burrell,3.5,1.4,0.9,0.5,6.9
Deonte Burton,1.2,0.4,0.2,0.3,2.6
Willie Burton,2.9,1.2,0.6,0.4,10.3
Steve Burtt,0.9,1.2,0.5,0.1,5.8
Caron Butler,5.0,2.3,1.3,0.2,14.1
Greg Butler,1.0,0.1,0.0,0.0,1.4
Jimmy Butler,5.2,3.9,1.6,0.5,17.3
Mitchell Butler,2.0,0.9,0.6,0.1,5.2
Rasual Butler,2.4,0.8,0.4,0.5,7.5
Dwight Buycks,1.6,1.7,0.6,0.0,6.3
Derrick Byars,5.5,0.5,1.0,0.0,5.0
Andrew Bynum,7.7,1.2,0.3,1.6,11.5
Will Bynum,1.6,3.3,0.7,0.1,8.1
Marty Byrnes,2.2,1.6,0.4,0.1,5.7
Žarko Čabarkapa,2.1,0.6,0.2,0.2,4.3
Bruno Caboclo,2.6,0.7,0.3,0.6,4.2
Jason Caffey,4.4,0.9,0.5,0.2,7.3
Michael Cage,7.6,0.9,0.9,0.6,7.3
Nick Calathes,1.9,2.7,1.0,0.1,4.6
José Calderón,2.4,5.8,0.8,0.1,8.9
Adrian Caldwell,2.5,0.2,0.3,0.2,2.0
Kentavious Caldwell-Pope,3.1,1.6,1.1,0.2,11.3
Demetrius Calip,0.7,1.7,0.1,0.0,1.6
Rick Calloway,1.2,1.0,0.3,0.1,3.2
Dexter Cambridge,3.2,1.1,0.5,0.1,7.0
Marcus Camby,9.8,1.9,1.0,2.4,9.5
Facundo Campazzo,1.4,2.8,1.0,0.2,4.7
Elden Campbell,5.9,1.1,0.7,1.5,10.3
Tony Campbell,3.1,1.5,0.8,0.2,11.6
Isaiah Canaan,1.9,1.9,0.6,0.1,8.1
Vlatko Čančar,1.0,0.3,0.2,0.1,1.4
Clint Capela,10.2,1.0,0.7,1.6,12.5
Brian Cardinal,2.3,1.0,0.6,0.2,4.6
Vernon Carey,1.1,0.1,0.0,0.1,0.6
Rick Carlisle,0.8,1.1,0.2,0.0,2.2
Rodney Carney,2.0,0.4,0.5,0.3,5.9
Antoine Carr,3.4,1.1,0.4,0.9,9.3
Chris Carr,2.2,1.0,0.3,0.2,6.7
Cory Carr,1.2,1.6,0.5,0.2,4.1
Kenny Carr,7.4,1.4,0.7,0.4,11.6
DeMarre Carroll,4.2,1.3,0.9,0.3,8.9
Joe Barry Carroll,7.7,1.8,1.0,1.6,17.7
Matt Carroll,1.9,0.7,0.5,0.1,6.6
Anthony Carter,2.1,3.8,1.0,0.2,4.8
Butch Carter,1.5,1.9,0.9,0.1,8.7
Howard Carter,1.3,1.1,0.3,0.1,5.3
Jevon Carter,1.7,1.5,0.7,0.3,4.2
Maurice Carter,1.1,0.4,0.0,0.0,4.2
Reggie Carter,1.2,1.5,0.4,0.1,3.5
Vince Carter,4.3,3.1,1.0,0.6,16.7
Wendell Carter,8.1,1.7,0.6,1.0,10.9
Michael Carter-Williams,4.4,4.4,1.3,0.5,10.3
Bill Cartwright,6.3,1.4,0.5,0.7,13.2
Alex Caruso,2.3,2.2,1.0,0.3,5.6
Sam Cassell,3.2,6.0,1.1,0.2,15.7
Omri Casspi,4.0,1.1,0.6,0.2,7.9
Harvey Catchings,5.0,0.8,0.4,1.7,3.2
Terry Catledge,6.4,0.9,0.6,0.2,12.7
Kelvin Cato,5.3,0.5,0.5,1.3,5.5
Bobby Cattage,1.4,0.1,0.2,0.0,3.1
Willie Cauley-Stein,6.1,1.5,0.9,0.8,9.3
Duane Causwell,4.2,0.4,0.4,1.4,4.9
Tyler Cavanaugh,2.7,0.6,0.2,0.1,3.8
Cedric Ceballos,5.3,1.2,0.7,0.3,14.3
John Celestand,0.7,1.3,0.4,0.0,2.3
Lionel Chalmers,0.9,1.4,0.4,0.0,3.1
Mario Chalmers,2.5,3.7,1.5,0.2,8.9
Tom Chambers,6.1,2.1,0.8,0.6,18.1
Tyson Chandler,9.0,0.8,0.5,1.2,8.2
Wilson Chandler,5.3,1.8,0.7,0.6,12.5
Rex Chapman,2.5,2.7,0.9,0.2,14.6
Joe Chealey,0.0,0.4,0.8,0.0,0.8
Calbert Cheaney,3.2,1.7,0.8,0.2,9.5
Maurice Cheeks,2.8,6.7,2.1,0.3,11.1
Will Cherry,0.6,1.0,0.8,0.1,1.9
Derrick Chievous,2.4,0.7,0.5,0.1,7.1
Pete Chilcutt,3.3,0.8,0.5,0.4,4.3
Josh Childress,4.7,1.6,0.9,0.5,9.1
Randolph Childress,0.5,1.0,0.3,0.0,2.4
Chris Childs,2.4,4.9,0.9,0.1,6.9
Chris Chiozza,1.4,2.6,0.5,0.2,4.1
Marquese Chriss,4.9,1.1,0.7,0.8,8.0
Doug Christie,4.1,3.6,1.9,0.5,11.2
Dionte Christmas,1.2,0.3,0.1,0.1,2.3
Semaj Christon,1.4,2.0,0.4,0.1,2.9
Carlos Clark,0.9,0.7,0.5,0.0,2.4
Earl Clark,3.0,0.5,0.3,0.5,4.4
Gary Clark,2.6,0.5,0.3,0.4,3.3
Ian Clark,1.3,1.2,0.4,0.1,5.6
Keon Clark,5.9,0.9,0.5,1.6,8.2
Brandon Clarke,5.8,1.5,0.8,0.8,11.9
Jordan Clarkson,3.2,2.5,0.9,0.1,15.0
Gian Clavell,1.0,0.4,0.3,0.0,2.9
Victor Claver,2.2,0.7,0.4,0.2,3.2
Nicolas Claxton,3.9,1.0,0.4,1.0,6.5
Speedy Claxton,2.5,4.3,1.5,0.1,9.3
Mateen Cleaves,1.0,1.9,0.4,0.0,3.6
Chris Clemons,0.9,0.8,0.3,0.2,4.9
Antonius Cleveland,0.8,0.1,0.3,0.3,1.2
Keith Closs,2.9,0.3,0.2,1.3,3.9
Amir Coffey,0.9,0.6,0.2,0.0,3.1
Richard Coffey,1.5,0.1,0.1,0.1,1.3
Fred Cofield,1.0,1.7,0.4,0.1,3.4
Norris Cole,2.0,2.7,0.8,0.1,7.0
Ben Coleman,4.1,0.6,0.4,0.4,6.6
Derrick Coleman,9.3,2.5,0.8,1.3,16.5
Norris Coleman,2.8,0.4,0.4,0.2,5.3
Bimbo Coles,2.1,3.9,0.9,0.2,7.8
Jason Collier,2.9,0.3,0.2,0.2,5.6
Don Collins,2.8,1.8,1.1,0.3,9.8
Doug Collins,3.2,3.3,1.2,0.3,17.9
James Collins,0.6,0.1,0.3,0.1,2.6
Jarron Collins,2.9,0.8,0.3,0.2,3.9
Jason Collins,3.7,0.9,0.5,0.5,3.6
John Collins,8.6,1.5,0.6,1.0,16.6
Mardy Collins,1.8,1.7,0.6,0.1,3.9
Sherron Collins,0.3,0.4,0.1,0.0,0.9
Zach Collins,4.0,0.9,0.3,0.7,5.7
Kyle Collinsworth,3.3,1.8,0.5,0.3,3.2
Darren Collison,2.7,5.0,1.2,0.1,12.5
Nick Collison,5.2,1.0,0.5,0.5,5.9
Bonzie Colson,3.8,0.4,0.6,0.1,4.9
Sean Colson,0.5,0.8,0.1,0.0,1.2
Steve Colter,2.0,2.8,0.9,0.1,6.3
Leroy Combs,1.2,0.8,0.5,0.4,4.5
Dallas Comegys,3.2,0.7,0.5,0.9,6.0
Mike Conley,3.0,5.6,1.4,0.2,14.9
Marty Conlon,3.5,1.0,0.4,0.2,6.5
Pat Connaughton,3.1,1.3,0.4,0.3,5.1
Lester Conner,2.7,3.9,1.6,0.1,6.3
Will Conroy,0.7,1.0,0.0,0.0,0.4
Anthony Cook,3.7,0.3,0.4,0.8,3.6
Brian Cook,2.6,0.6,0.3,0.3,5.5
Daequan Cook,2.1,0.7,0.4,0.1,6.4
Darwin Cook,2.1,3.7,1.7,0.3,9.5
Jeff Cook,4.5,1.4,0.6,0.4,5.3
Omar Cook,0.6,2.1,0.7,0.0,1.7
Quinn Cook,1.7,1.6,0.3,0.0,6.4
Charles Cooke,0.2,0.1,0.1,0.0,0.5
Duane Cooper,0.7,2.0,0.2,0.0,2.3
Michael Cooper,3.2,4.2,1.2,0.6,8.9
Wayne Cooper,6.2,0.9,0.3,1.6,7.9
Chris Copeland,1.6,0.6,0.2,0.2,5.8
Hollis Copeland,1.7,1.0,0.7,0.3,5.0
Lanard Copeland,0.5,0.4,0.1,0.0,2.7
Tyrone Corbin,4.7,1.8,1.2,0.3,9.2
Chris Corchiani,1.2,2.2,0.7,0.0,3.7
Dave Corzine,5.9,1.7,0.4,1.0,8.5
Bryce Cotton,0.8,0.8,0.3,0.0,3.8
James Cotton,0.8,0.0,0.2,0.1,2.6
Joe Courtney,1.5,0.3,0.2,0.2,2.8
DeMarcus Cousins,10.7,3.2,1.4,1.2,20.8
Robert Covington,5.8,1.5,1.7,0.9,12.3
Dave Cowens,13.6,3.8,1.1,0.9,17.6
Chubby Cox,1.4,0.9,0.0,0.1,4.1
Allen Crabbe,2.8,1.1,0.6,0.3,9.1
Torrey Craig,3.3,0.8,0.4,0.5,5.1
Chris Crawford,2.2,0.6,0.4,0.3,6.6
Jamal Crawford,2.2,3.4,0.9,0.2,14.6
Joe Crawford,2.0,0.5,0.5,0.0,4.5
Jordan Crawford,2.5,3.1,0.7,0.1,12.2
Mitch Creek,2.4,1.2,0.4,0.0,4.2
Joe Crispin,0.5,1.2,0.2,0.0,3.8
Charlie Criss,1.4,3.2,0.9,0.1,8.5
Javaris Crittenton,2.4,1.8,0.5,0.1,5.3
Austin Croshere,4.0,1.0,0.4,0.3,6.8
John Crotty,1.1,2.1,0.4,0.0,4.0
Corey Crowder,0.8,0.3,0.1,0.0,2.1
Jae Crowder,4.2,1.6,1.0,0.3,9.6
Jarrett Culver,3.5,1.4,0.8,0.5,8.3
Pat Cummings,5.6,1.2,0.5,0.3,9.6
Terry Cummings,7.3,1.9,1.1,0.5,16.4
Vonteego Cummings,1.9,2.7,0.9,0.2,6.9
Dante Cunningham,3.7,0.7,0.6,0.5,5.8
Jared Cunningham,0.7,0.5,0.3,0.0,2.3
Earl Cureton,4.7,1.0,0.5,0.5,5.4
Bill Curley,2.0,0.4,0.4,0.3,2.7
Dell Curry,2.4,1.8,0.9,0.2,11.7
Eddy Curry,5.2,0.5,0.3,0.7,12.9
Michael Curry,1.6,1.2,0.5,0.1,4.5
Seth Curry,2.0,1.9,0.7,0.1,10.4
Stephen Curry,4.6,6.6,1.7,0.2,23.8
Rastko Cvetković,0.8,0.2,0.1,0.1,0.7
Quintin Dailey,2.5,2.3,0.9,0.1,14.1
Samuel Dalembert,7.8,0.5,0.5,1.7,7.7
Erick Dampier,7.1,0.8,0.3,1.4,7.4
Bob Dandridge,6.8,3.4,1.3,0.6,18.5
Antonio Daniels,1.8,3.4,0.6,0.1,7.6
Lloyd Daniels,2.2,1.6,0.5,0.3,7.1
Marquis Daniels,2.8,1.8,0.9,0.3,7.9
Troy Daniels,1.3,0.5,0.3,0.1,6.6
Sasha Danilović,2.4,2.0,0.9,0.2,12.8
Adrian Dantley,5.7,3.0,1.0,0.2,24.3
Luigi Datome,1.4,0.4,0.1,0.1,3.4
Brad Daugherty,9.5,3.7,0.8,0.7,19.0
Kornél Dávid,2.8,0.6,0.4,0.2,5.0
Brandon Davies,2.5,0.7,0.5,0.2,3.7
Anthony Davis,10.3,2.3,1.4,2.4,23.9
Antonio Davis,7.5,1.1,0.5,1.0,10.0
Baron Davis,3.8,7.2,1.8,0.4,16.1
Brad Davis,1.8,4.9,0.8,0.2,8.2
Brian Davis,0.8,0.3,0.2,0.1,1.9
Charles Davis,2.4,0.7,0.3,0.2,5.3
Dale Davis,7.9,0.9,0.6,1.2,8.0
Deyonta Davis,3.2,0.4,0.2,0.6,4.2
Ed Davis,6.6,0.8,0.5,0.8,6.2
Emanual Davis,1.9,1.8,0.7,0.1,4.9
Glen Davis,4.4,0.9,0.7,0.3,8.0
Hubert Davis,1.5,1.7,0.4,0.1,8.2
Johnny Davis,2.0,4.5,0.9,0.2,12.9
Josh Davis,1.7,0.3,0.3,0.1,2.3
Mark Davis,1.1,0.4,0.4,0.2,3.8
Mark Davis,3.0,1.3,0.9,0.3,5.5
Paul Davis,1.9,0.4,0.3,0.2,2.6
Ricky Davis,3.5,3.3,1.0,0.3,13.5
Ron Davis,1.8,0.7,0.6,0.1,5.3
Terence Davis,2.9,1.4,0.6,0.2,7.4
Terry Davis,6.0,0.6,0.4,0.3,6.4
Walter Davis,3.0,3.8,1.2,0.1,18.9
Darryl Dawkins,6.1,1.3,0.5,1.4,12.0
Johnny Dawkins,2.5,5.5,1.1,0.1,11.1
Tony Dawson,0.8,0.2,0.0,0.0,2.8
Todd Day,3.4,1.5,1.1,0.6,12.3
Austin Daye,2.6,0.7,0.4,0.4,5.2
Darren Daye,2.6,2.0,0.6,0.2,6.8
Nando De Colo,1.8,1.7,0.5,0.1,3.8
Andrew DeClercq,4.2,0.6,0.7,0.5,4.8
DeMar DeRozan,4.4,3.7,1.0,0.3,20.1
Dewayne Dedmon,6.0,0.7,0.5,0.9,6.4
Terry Dehere,1.5,2.6,0.5,0.1,8.0
Bryce Dejean-Jones,3.4,1.1,0.7,0.1,5.6
Sam Dekker,3.0,0.8,0.5,0.2,5.5
Vinny Del Negro,2.3,3.2,0.7,0.1,9.1
Malcolm Delaney,1.8,2.8,0.6,0.1,5.7
Bison Dele,6.2,1.1,0.8,0.9,11.0
Carlos Delfino,3.6,1.7,0.9,0.2,8.1
Tony Delk,2.5,1.9,0.8,0.1,9.1
Matthew Dellavedova,1.8,3.7,0.5,0.0,5.6
Fennis Dembo,0.7,0.2,0.0,0.0,1.2
Larry Demic,3.9,0.5,0.3,0.2,4.7
Dell Demps,0.5,0.5,0.3,0.1,3.0
Luol Deng,6.1,2.3,1.0,0.5,14.8
Kenny Dennard,3.0,1.0,0.8,0.2,2.8
Justin Dentmon,1.0,1.3,0.3,0.0,3.3
Marcus Derrickson,1.2,0.1,0.0,0.1,4.2
Donte DiVincenzo,4.5,2.3,1.1,0.3,8.8
Derrick Dial,1.6,0.8,0.3,0.1,3.1
Cheick Diallo,4.2,0.4,0.3,0.4,5.3
Hamidou Diallo,3.4,1.0,0.7,0.3,7.1
Boris Diaw,4.4,3.5,0.6,0.5,8.6
Yakhouba Diawara,1.4,0.7,0.3,0.1,3.5
Guillermo Díaz,0.3,0.2,0.0,0.0,0.8
Dan Dickau,1.4,2.5,0.5,0.0,5.8
Kaniel Dickens,0.6,0.1,0.1,0.1,1.2
Michael Dickerson,2.9,2.6,1.0,0.4,15.4
Travis Diener,1.4,2.4,0.4,0.1,4.8
Gorgui Dieng,6.1,1.4,0.8,1.0,7.9
Mickey Dillard,0.5,1.0,0.2,0.1,2.2
Byron Dinkins,1.2,2.1,0.5,0.0,3.4
Spencer Dinwiddie,2.8,5.0,0.7,0.3,12.9
Ike Diogu,3.1,0.3,0.2,0.3,6.0
DeSagana Diop,3.7,0.4,0.4,1.0,2.0
Vlade Divac,8.2,3.1,1.1,1.4,11.8
Juan Dixon,1.9,1.8,0.8,0.1,8.4
Michael Doleac,3.3,0.6,0.3,0.4,4.9
Luka Dončić,8.4,7.7,1.0,0.4,25.6
Billy Donovan,0.6,2.0,0.4,0.0,2.4
Keyon Dooling,1.3,2.2,0.6,0.1,7.0
Aleksandar Đorđević,0.6,0.6,0.0,0.0,3.1
Joey Dorsey,3.9,0.4,0.5,0.3,2.6
Tyler Dorsey,2.3,1.3,0.3,0.1,6.7
Luguentz Dort,2.9,1.2,0.9,0.2,9.9
Damyean Dotson,2.5,1.5,0.5,0.1,7.6
Quincy Douby,1.1,0.7,0.3,0.1,4.1
Bruce Douglas,1.8,2.1,1.1,0.0,1.8
John Douglas,1.4,2.2,0.7,0.1,6.7
Leon Douglas,6.5,1.1,0.5,0.7,7.9
Sherman Douglas,2.2,5.9,1.0,0.1,11.0
Toney Douglas,2.2,2.3,0.9,0.1,7.6
Chris Douglas-Roberts,2.1,1.1,0.6,0.2,7.1
Sekou Doumbouya,2.6,0.5,0.4,0.1,5.0
Zabian Dowdell,0.8,2.1,0.8,0.1,5.0
Milton Doyle,1.8,1.0,0.6,0.2,3.4
PJ Dozier,2.8,1.7,0.5,0.3,6.0
Terry Dozier,1.7,0.3,0.7,0.2,2.4
Goran Dragić,3.1,4.8,1.0,0.2,13.9
Zoran Dragić,0.5,0.3,0.1,0.0,1.8
Greg Dreiling,2.1,0.4,0.2,0.3,2.1
Bryce Drew,1.2,2.2,0.5,0.0,4.4
John Drew,6.9,1.7,1.4,0.3,20.7
Larry Drew,1.8,5.2,1.1,0.1,11.4
Larry Drew,0.8,2.5,0.3,0.0,2.9
Clyde Drexler,6.1,5.6,2.0,0.7,20.4
Nate Driggers,1.5,0.4,0.2,0.1,2.4
Predrag Drobnjak,3.5,0.8,0.5,0.4,7.9
Andre Drummond,13.8,1.4,1.4,1.5,14.6
Kevin Duckworth,5.8,0.9,0.5,0.5,11.8
Chris Dudley,6.2,0.4,0.4,1.2,3.9
Jared Dudley,3.2,1.5,0.8,0.2,7.3
Terry Duerod,1.1,1.2,0.4,0.1,6.7
Chris Duhon,2.3,4.4,0.8,0.1,6.5
Joe Dumars,2.2,4.5,0.9,0.1,16.1
Richard Dumas,3.4,1.1,1.3,0.5,10.6
Tony Dumas,1.3,1.2,0.4,0.1,7.3
Tim Duncan,10.8,3.0,0.7,2.2,19.0
Mike Dunleavy,1.6,3.9,0.8,0.1,8.0
Mike Dunleavy,4.3,2.2,0.7,0.3,11.2
Kris Dunn,3.3,4.2,1.5,0.4,8.3
T.R. Dunn,4.4,1.6,1.3,0.3,5.1
Ronald Dupree,2.2,0.6,0.4,0.2,3.5
Kevin Durant,7.1,4.1,1.1,1.1,27.1
John Duren,1.1,2.0,0.5,0.1,3.5
Pat Durham,1.7,0.9,0.6,0.5,5.0
Devin Durrant,2.1,1.3,0.3,0.2,5.0
Craig Dykema,0.4,0.5,0.1,0.0,1.3
Jerome Dyson,2.1,2.0,1.2,0.2,7.4
Ledell Eackles,2.2,1.7,0.6,0.1,10.8
Acie Earl,2.7,0.3,0.3,0.7,5.1
Cleanthony Early,2.2,0.8,0.5,0.3,4.3
Mark Eaton,7.9,1.0,0.4,3.5,6.0
Jerry Eaves,1.2,2.5,0.5,0.0,6.7
Devin Ebanks,1.9,0.4,0.3,0.2,3.6
Ndudi Ebi,1.0,0.2,0.1,0.3,2.1
Jarell Eddie,0.9,0.1,0.2,0.0,2.6
Keith Edmonson,1.5,0.6,0.4,0.1,6.0
Tyus Edney,1.7,4.0,1.0,0.0,7.6
Anthony Edwards,4.3,2.6,1.0,0.5,17.4
Bill Edwards,4.7,1.3,1.0,0.3,2.0
Blue Edwards,3.4,2.0,1.0,0.4,10.8
Carsen Edwards,1.2,0.6,0.3,0.1,3.8
Doug Edwards,1.8,0.7,0.2,0.3,2.4
Franklin Edwards,1.0,2.6,0.8,0.1,6.1
James Edwards,5.1,1.3,0.4,0.7,12.7
Jay Edwards,0.5,1.0,0.3,0.0,1.8
Kevin Edwards,2.7,2.7,1.4,0.3,10.9
Craig Ehlo,3.6,2.8,1.1,0.3,8.6
Howard Eisley,1.7,3.5,0.7,0.1,6.5
Obinna Ekezie,2.7,0.2,0.3,0.2,3.6
Khalid El-Amin,1.6,2.9,1.0,0.0,6.3
Mario Elie,2.8,2.6,0.9,0.2,8.6
CJ Elleby,1.2,0.2,0.3,0.2,2.6
Henry Ellenson,2.5,0.6,0.2,0.0,4.1
Wayne Ellington,2.2,1.1,0.5,0.1,8.1
Sean Elliott,4.3,2.6,0.8,0.4,14.2
Dale Ellis,3.5,1.4,0.8,0.2,15.7
Harold Ellis,2.0,0.6,1.1,0.1,5.8
LaPhonso Ellis,6.5,1.6,0.7,0.8,11.9
Monta Ellis,3.5,4.6,1.7,0.3,17.8
Pervis Ellison,6.7,1.5,0.6,1.6,9.5
Francisco Elson,3.5,0.6,0.5,0.5,3.7
Melvin Ely,3.2,0.7,0.3,0.6,5.3
Joel Embiid,11.5,3.1,0.8,1.7,24.7
Andre Emmett,0.6,0.1,0.1,0.1,1.4
A.J. English,2.1,2.1,0.4,0.2,9.9
Alex English,5.5,3.6,0.9,0.7,21.5
Jo Jo English,1.1,0.9,0.4,0.3,3.6
Kim English,0.9,0.6,0.4,0.1,2.9
James Ennis,3.3,0.9,0.6,0.3,6.6
Tyler Ennis,1.3,1.9,0.5,0.1,4.2
Vincenzo Esposito,0.5,0.8,0.2,0.0,3.9
Drew Eubanks,3.0,0.6,0.2,0.7,3.8
Brian Evans,1.6,0.8,0.3,0.2,3.7
Jacob Evans,1.1,0.9,0.3,0.3,2.8
Jawun Evans,1.7,2.0,0.7,0.1,4.2
Jeremy Evans,2.6,0.4,0.4,0.5,3.5
Maurice Evans,2.5,0.7,0.5,0.2,6.7
Mike Evans,1.4,2.6,0.7,0.1,7.7
Reggie Evans,7.1,0.6,0.7,0.1,4.1
Tyreke Evans,4.6,4.8,1.2,0.4,15.7
Daniel Ewing,1.2,1.4,0.5,0.1,3.4
Patrick Ewing,9.8,1.9,1.0,2.4,21.0
Patrick Ewing,0.3,0.3,0.0,0.1,0.4
Dante Exum,1.8,2.1,0.4,0.2,5.7
Christian Eyenga,2.7,0.8,0.7,0.6,6.3
Kenneth Faried,8.1,1.0,0.7,0.8,11.4
Jordan Farmar,1.9,2.9,0.8,0.1,7.7
Desmon Farmer,0.6,1.0,0.1,0.0,2.4
Jim Farmer,1.4,0.8,0.3,0.0,5.3
Tony Farmer,3.2,0.8,0.8,0.2,5.3
Vítor Faverani,3.5,0.4,0.4,0.7,4.4
Derrick Favors,7.3,1.1,0.8,1.2,11.0
Nick Fazekas,3.4,0.4,0.3,0.4,4.1
Jamie Feick,7.1,0.7,0.6,0.4,4.5
Dave Feitl,3.0,0.5,0.2,0.2,4.3
Kay Felder,1.0,1.3,0.4,0.1,3.8
Cristiano Felício,4.0,0.7,0.3,0.2,4.4
Carrick Felix,0.9,0.6,0.0,0.0,2.7
Noel Felix,1.1,0.2,0.2,0.3,1.5
Raymond Felton,3.0,5.2,1.2,0.2,11.2
Desmond Ferguson,0.6,0.1,0.0,0.0,1.9
Terrance Ferguson,1.3,0.7,0.5,0.2,4.5
Rudy Fernández,2.4,2.2,1.0,0.2,9.1
Bruno Fernando,3.3,0.7,0.3,0.3,3.4
Duane Ferrell,1.9,0.9,0.5,0.2,6.4
Yogi Ferrell,2.1,2.3,0.6,0.1,7.8
Danny Ferry,2.8,1.3,0.4,0.3,7.0
Kyrylo Fesenko,2.0,0.3,0.1,0.4,2.3
Kenny Fields,2.5,1.0,0.5,0.2,6.2
Landry Fields,4.3,1.6,0.8,0.2,6.8
Michael Finley,4.4,2.9,0.9,0.3,15.7
Dorian Finney-Smith,4.4,1.2,0.7,0.4,7.1
Matt Fish,2.2,0.5,0.4,0.3,3.5
Derek Fisher,2.1,3.0,1.1,0.1,8.3
Gerald Fitch,1.7,1.8,0.4,0.3,4.7
Marcus Fizer,4.6,1.2,0.5,0.3,9.6
Vern Fleming,3.4,4.8,1.0,0.1,11.3
Luis Flores,0.2,0.7,0.1,0.0,2.2
Bruce Flowers,3.4,0.9,0.4,0.2,4.9
Sleepy Floyd,2.6,5.4,1.2,0.2,12.8
Jonny Flynn,1.9,3.9,0.7,0.0,9.2
Malachi Flynn,1.1,1.5,0.4,0.0,2.8
Isaac Fontaine,0.8,0.7,0.0,0.0,1.8
Bryn Forbes,1.8,1.3,0.4,0.0,9.0
Gary Forbes,2.0,0.9,0.4,0.1,5.8
Alphonso Ford,1.8,0.9,0.3,0.0,3.2
Chris Ford,3.0,3.4,1.6,0.3,9.2
Don Ford,3.6,1.4,0.6,0.3,6.4
Phil Ford,1.8,6.4,1.2,0.1,11.6
Sherell Ford,0.9,0.2,0.3,0.0,3.2
T.J. Ford,3.1,5.8,1.2,0.1,11.2
Trent Forrest,0.5,0.8,0.2,0.0,0.7
Joseph Forte,0.7,0.7,0.2,0.0,1.2
Courtney Fortson,1.5,1.0,0.3,0.0,3.5
Danny Fortson,7.2,0.7,0.4,0.2,8.2
Greg Foster,2.6,0.5,0.1,0.3,3.9
Jeff Foster,6.9,0.9,0.7,0.4,4.9
Rod Foster,1.2,2.3,0.7,0.0,7.5
Antonis Fotsis,2.2,0.4,0.3,0.4,3.9
Evan Fournier,2.7,2.6,0.9,0.1,14.3
Tremaine Fowlkes,2.2,0.5,0.5,0.1,2.9
De'Aaron Fox,3.4,6.3,1.4,0.5,17.8
Rick Fox,3.8,2.8,1.0,0.4,9.6
Randy Foye,2.2,2.8,0.7,0.3,10.3
Adonal Foyle,4.7,0.5,0.4,1.6,4.1
Richie Frahm,1.2,0.6,0.3,0.1,3.6
Steve Francis,5.6,6.0,1.5,0.4,18.1
Tellis Frank,3.9,1.0,0.6,0.4,6.5
Jamaal Franklin,1.0,0.4,0.2,0.1,1.8
Melvin Frazier,0.5,0.1,0.3,0.1,1.9
Michael Frazier,0.8,0.2,0.2,0.0,2.1
Tim Frazier,2.3,4.0,0.7,0.1,5.0
Anthony Frederick,1.9,0.9,0.5,0.3,4.9
Jimmer Fredette,1.0,1.4,0.4,0.0,6.0
World B. Free,2.7,3.7,1.0,0.3,20.3
Joel Freeland,3.4,0.4,0.2,0.4,3.2
Matt Freije,2.0,0.6,0.4,0.1,3.2
Channing Frye,4.5,1.0,0.5,0.6,8.7
Todd Fuller,3.0,0.2,0.2,0.3,3.7
Markelle Fultz,3.3,4.6,1.1,0.2,10.9
Lawrence Funderburke,3.6,0.6,0.3,0.3,6.4
Wenyen Gabriel,1.7,0.4,0.3,0.2,1.7
Dan Gadzuric,4.4,0.4,0.5,0.9,4.7
Corey Gaines,0.9,3.1,0.5,0.1,3.1
Reece Gaines,0.7,0.7,0.2,0.0,1.7
Sundiata Gaines,1.5,1.8,0.7,0.0,4.5
Danilo Gallinari,4.8,2.0,0.8,0.4,16.0
Langston Galloway,2.5,1.6,0.7,0.1,8.2
Kevin Gamble,2.2,2.0,0.7,0.3,9.5
Jorge Garbajosa,4.7,1.7,1.1,0.2,8.0
Alex Garcia,1.5,1.8,0.6,0.1,4.7
Francisco García,2.6,1.4,0.8,0.7,7.9
Thomas Gardner,0.6,0.2,0.2,0.1,2.3
Darius Garland,2.1,4.6,0.9,0.1,13.9
Winston Garland,2.8,4.7,1.3,0.2,9.4
Chris Garner,0.8,1.4,0.6,0.1,1.6
Bill Garnett,4.3,1.3,0.5,0.6,5.5
Kevin Garnett,10.0,3.7,1.3,1.4,17.8
Marlon Garnett,0.9,0.8,0.2,0.0,2.1
Billy Garrett,0.8,1.8,0.3,0.3,6.5
Calvin Garrett,2.6,1.5,0.6,0.1,5.2
Diante Garrett,1.2,1.7,0.6,0.1,3.2
Tom Garrick,2.0,3.4,1.1,0.1,5.4
Kiwane Garris,0.6,1.0,0.2,0.0,2.3
Pat Garrity,2.6,0.8,0.4,0.2,7.3
Marc Gasol,7.5,3.4,0.9,1.4,14.2
Pau Gasol,9.2,3.2,0.5,1.6,17.0
Chris Gatling,5.3,0.7,0.7,0.5,10.3
Kenny Gattison,4.7,0.9,0.6,0.7,7.9
Rudy Gay,5.9,2.2,1.2,0.8,16.9
Andrew Gaze,0.5,0.4,0.2,0.1,1.7
Michael Gbinije,0.3,0.2,0.0,0.0,0.4
Reggie Geary,0.8,1.1,0.5,0.1,2.1
Alonzo Gee,3.3,1.1,0.9,0.2,6.6
Matt Geiger,5.7,0.7,0.6,0.6,9.2
Mickaël Gelabale,2.3,0.8,0.3,0.2,4.6
Devean George,3.1,0.9,0.7,0.4,5.6
Paul George,6.4,3.5,1.7,0.4,20.1
Tate George,1.0,1.8,0.4,0.1,4.2
Marcus Georges-Hunt,0.5,0.2,0.1,0.0,1.6
Derrick Gervin,2.3,0.5,0.5,0.3,8.8
Daniel Gibson,2.0,2.0,0.6,0.2,7.8
Jonathan Gibson,1.2,1.4,0.4,0.0,6.7
Taj Gibson,6.2,1.0,0.6,1.0,9.4
J.R. Giddens,1.4,0.3,0.3,0.1,1.9
Harry Giles,4.1,1.3,0.5,0.4,6.2
Shai Gilgeous-Alexander,4.3,3.8,1.1,0.6,16.3
Anthony Gill,1.5,0.3,0.2,0.2,0.9
Eddie Gill,1.1,1.2,0.6,0.1,3.1
Kendall Gill,4.1,3.0,1.6,0.4,13.4
Armen Gilliam,6.9,1.2,0.7,0.7,13.7
Manu Ginóbili,3.5,3.8,1.3,0.3,13.3
Gordan Giriček,2.5,1.5,0.6,0.1,9.6
Gerald Glass,2.5,1.5,0.6,0.3,7.7
Mike Glenn,1.2,1.6,0.5,0.1,7.6
Georgi Glouchkov,3.3,0.7,0.5,0.5,4.9
Dion Glover,3.1,1.5,0.8,0.2,8.2
Mike Gminski,6.9,1.3,0.5,1.1,11.7
Rudy Gobert,11.2,1.4,0.7,2.2,12.0
Dan Godfread,0.2,0.0,0.1,0.4,1.2
Anthony Goldwire,1.3,2.8,0.6,0.0,6.3
Ryan Gomes,4.6,1.5,0.7,0.2,10.1
Glen Gondrezick,4.5,1.4,1.1,0.3,5.8
Grant Gondrezick,1.6,1.3,0.4,0.1,5.0
Drew Gooden,7.1,1.1,0.7,0.6,11.0
Steve Goodrich,1.2,0.5,0.1,0.1,1.1
Archie Goodwin,2.0,1.2,0.4,0.2,6.3
Brandon Goodwin,1.3,1.4,0.3,0.0,4.4
Aaron Gordon,6.4,2.5,0.8,0.6,12.9
Ben Gordon,2.5,2.5,0.7,0.2,14.9
Drew Gordon,2.0,0.2,0.1,0.0,1.9
Eric Gordon,2.5,2.8,0.9,0.3,16.6
Lancaster Gordon,1.3,1.5,0.6,0.2,5.6
Marcin Gortat,7.9,1.1,0.5,1.1,9.9
Andrew Goudelock,0.7,0.5,0.2,0.0,4.0
Devonte' Graham,2.6,5.3,0.8,0.1,12.9
Greg Graham,1.1,1.0,0.6,0.1,4.5
Joey Graham,2.8,0.5,0.4,0.1,5.9
Paul Graham,2.4,2.0,1.0,0.2,8.4
Stephen Graham,1.8,0.5,0.2,0.1,4.0
Treveon Graham,2.2,0.8,0.4,0.1,4.2
Jim Grandholm,1.9,0.3,0.1,0.3,3.0
Ron Grandison,1.6,0.6,0.3,0.1,2.4
Danny Granger,4.9,1.9,1.0,0.8,16.8
Stewart Granger,1.0,2.2,0.4,0.0,4.0
Brian Grant,7.4,1.2,0.6,0.7,10.5
Gary Grant,2.3,5.5,1.5,0.1,7.9
Greg Grant,0.9,2.7,0.6,0.0,2.8
Harvey Grant,4.4,1.6,0.8,0.5,9.9
Horace Grant,8.1,2.2,1.0,1.0,11.2
Jerami Grant,3.9,1.2,0.6,1.1,10.5
Jerian Grant,1.9,2.9,0.7,0.1,6.1
Josh Grant,1.7,0.5,0.3,0.2,3.0
Butch Graves,0.5,0.3,0.3,0.0,1.3
Aaron Gray,3.7,0.7,0.3,0.3,3.4
Ed Gray,1.2,0.8,0.5,0.2,6.2
Evric Gray,0.6,0.4,0.2,0.0,2.6
Josh Gray,1.7,2.0,1.1,0.3,4.9
Stuart Gray,2.6,0.4,0.2,0.3,2.3
Sylvester Gray,5.2,2.1,0.7,0.5,8.0
Jeff Grayer,3.0,1.4,0.6,0.1,7.4
A.C. Green,7.4,1.1,0.8,0.4,9.6
Danny Green,3.5,1.6,1.0,0.8,9.0
Devin Green,0.9,0.3,0.1,0.0,0.9
Draymond Green,6.9,5.2,1.4,1.0,8.8
Erick Green,0.7,0.8,0.3,0.0,3.1
Gerald Green,2.5,0.9,0.5,0.3,9.7
JaMychal Green,6.1,0.9,0.6,0.4,8.2
Javonte Green,2.0,0.5,0.6,0.2,3.6
Jeff Green,4.4,1.6,0.7,0.5,12.8
Josh Green,1.8,0.5,0.2,0.1,2.4
Kenny Green,1.7,0.3,0.2,0.2,4.4
Litterial Green,0.5,1.2,0.3,0.0,2.9
Rickey Green,1.9,5.5,1.4,0.1,9.4
Sean Green,1.0,0.5,0.4,0.2,4.2
Sidney Green,6.1,0.9,0.5,0.3,7.5
Taurean Green,0.6,0.6,0.1,0.0,1.6
Willie Green,1.8,1.4,0.5,0.1,8.3
Donté Greene,2.4,0.7,0.4,0.5,6.1
Orien Greene,1.5,1.2,0.7,0.1,2.5
Dave Greenwood,7.9,2.0,0.7,0.9,10.2
Lynn Greer,0.7,1.3,0.4,0.0,4.1
Claude Gregory,3.9,0.6,0.4,0.5,5.4
Kevin Grevey,2.4,1.9,0.6,0.2,11.0
Adrian Griffin,3.2,1.4,0.9,0.1,4.0
Blake Griffin,8.7,4.4,0.9,0.5,21.3
Eddie Griffin,5.8,0.8,0.3,1.7,7.2
Taylor Griffin,0.3,0.1,0.0,0.3,1.3
Darrell Griffith,3.3,2.1,1.2,0.3,16.2
Derek Grimm,0.4,0.0,0.3,0.1,1.6
Bob Gross,4.4,2.9,1.2,0.7,8.9
Anthony Grundy,1.4,0.8,0.6,0.0,4.3
Ernie Grunfeld,2.6,2.0,0.7,0.2,7.4
Pétur Guðmundsson,3.8,1.0,0.2,0.6,4.6
Marko Guduric,1.7,1.0,0.3,0.2,3.9
Tom Gugliotta,7.3,2.8,1.4,0.6,13.0
Andrés Guibert,2.8,0.5,0.4,0.1,2.7
Jorge Gutiérrez,1.1,1.5,0.4,0.0,2.9
Kyle Guy,1.0,0.8,0.2,0.0,2.8
A.J. Guyton,1.0,1.8,0.3,0.2,5.5
Rui Hachimura,6.0,1.7,0.8,0.1,13.8
Hamed Haddadi,2.5,0.3,0.1,0.6,2.2
Scott Haffner,1.1,1.8,0.3,0.1,4.3
Malik Hairston,1.2,0.5,0.2,0.3,2.4
P.J. Hairston,2.4,0.5,0.5,0.2,6.0
Marcus Haislip,1.5,0.2,0.2,0.4,3.5
Jack Haley,2.7,0.2,0.2,0.1,3.5
Tyrese Haliburton,3.3,4.9,1.3,0.6,13.2
Devon Hall,0.6,1.2,0.4,0.1,1.8
Josh Hall,1.9,1.4,0.0,0.0,3.0
Darvin Ham,2.3,0.5,0.3,0.4,2.7
Steve Hamer,1.7,0.2,0.1,0.1,2.2
Daniel Hamilton,2.1,1.2,0.3,0.0,2.8
Jordan Hamilton,2.8,0.8,0.5,0.2,5.9
Justin Hamilton,3.6,0.8,0.5,0.6,6.1
Richard Hamilton,3.1,3.4,0.8,0.1,17.1
Tang Hamilton,2.0,0.6,0.4,0.0,2.2
Tom Hammonds,3.3,0.6,0.2,0.2,5.3
A.J. Hammons,1.6,0.2,0.0,0.6,2.2
R.J. Hampton,2.1,0.6,0.3,0.1,3.1
Darrin Hancock,1.3,0.7,0.4,0.1,3.5
Ben Handlogten,3.2,0.5,0.3,0.2,4.3
Dusty Hannahs,0.5,1.3,0.3,0.0,5.0
Ben Hansbrough,0.6,0.8,0.3,0.1,2.0
Tyler Hansbrough,4.2,0.4,0.5,0.2,6.7
Bob Hansen,2.2,1.6,0.6,0.1,6.9
Travis Hansen,1.7,0.5,0.2,0.2,3.0
Bill Hanzlik,2.8,2.8,1.0,0.3,7.2
Luke Harangody,2.8,0.5,0.3,0.3,3.6
Anfernee Hardaway,4.5,5.0,1.6,0.4,15.2
Tim Hardaway,3.3,8.2,1.6,0.1,17.7
Tim Hardaway,2.7,1.8,0.6,0.1,13.8
James Harden,5.5,6.5,1.6,0.5,25.2
Alan Hardy,0.9,0.4,0.2,0.2,3.2
James Hardy,5.3,1.3,0.7,0.9,5.7
Maurice Harkless,3.7,0.9,1.0,0.7,7.0
Jerome Harmon,2.3,1.2,0.9,0.0,4.6
Derek Harper,2.4,5.5,1.6,0.3,13.3
Jared Harper,0.0,0.0,0.0,0.0,0.7
Justin Harper,0.8,0.2,0.1,0.1,2.0
Mike Harper,3.5,0.6,0.6,0.8,5.0
Ron Harper,4.3,3.9,1.7,0.7,13.8
Matt Harpring,5.1,1.4,0.7,0.2,11.5
Montrezl Harrell,5.2,1.3,0.6,0.9,13.0
Josh Harrellson,3.0,0.3,0.4,0.5,3.5
Adam Harrington,0.4,0.6,0.1,0.1,1.6
Al Harrington,5.6,1.7,0.9,0.3,13.5
Junior Harrington,2.7,3.1,0.9,0.2,5.2
Othella Harrington,4.4,0.6,0.3,0.4,7.4
Devin Harris,2.2,3.9,1.0,0.2,10.8
Gary Harris,2.6,2.1,1.2,0.2,12.0
Joe Harris,3.2,1.6,0.5,0.2,10.9
Lucious Harris,2.3,1.4,0.7,0.1,7.2
Manny Harris,2.7,1.4,0.5,0.2,6.2
Mike Harris,2.1,0.2,0.5,0.2,3.4
Steve Harris,1.8,1.1,0.6,0.1,7.0
Terrel Harris,1.8,0.8,0.3,0.1,2.3
Tobias Harris,6.1,2.1,0.7,0.5,16.2
Tony Harris,0.8,0.6,0.4,0.0,4.9
Aaron Harrison,1.2,0.5,0.4,0.1,2.3
Andrew Harrison,2.0,2.8,0.7,0.3,7.0
Shaquille Harrison,2.4,1.6,1.0,0.4,5.5
Jason Hart,1.7,2.3,0.7,0.1,4.8
Josh Hart,5.4,1.6,0.9,0.4,8.7
Isaiah Hartenstein,2.9,0.7,0.3,0.6,3.4
Antonio Harvey,2.3,0.3,0.3,0.7,3.0
Donnell Harvey,4.0,0.8,0.5,0.4,5.6
Udonis Haslem,6.7,0.8,0.5,0.3,7.6
Trenton Hassell,2.8,1.8,0.4,0.4,5.8
Joe Hassett,1.1,1.3,0.4,0.1,5.9
Scott Hastings,2.2,0.5,0.3,0.3,2.8
Kirk Haston,1.0,0.3,0.0,0.2,1.2
Spencer Hawes,5.7,1.9,0.4,1.0,8.7
Steve Hawes,6.2,1.9,0.8,0.5,8.4
Hersey Hawkins,3.6,2.9,1.7,0.3,14.7
Juaquin Hawkins,1.3,0.8,0.5,0.1,2.3
Michael Hawkins,0.9,1.6,0.3,0.0,1.8
Chuck Hayes,5.0,1.2,0.7,0.4,3.7
Elvin Hayes,12.5,1.8,1.0,2.0,21.0
Jarvis Hayes,3.1,1.1,0.7,0.1,8.3
Jaxson Hayes,3.8,0.8,0.4,0.7,6.8
Killian Hayes,1.1,3.6,0.3,0.0,4.6
Nigel Hayes,2.4,0.7,0.2,0.3,3.0
Steve Hayes,2.5,0.4,0.2,0.5,2.6
Gordon Hayward,4.5,3.5,1.0,0.4,15.6
Lazar Hayward,1.3,0.5,0.2,0.1,2.9
Brendan Haywood,6.0,0.5,0.4,1.4,6.8
Luther Head,2.4,2.1,0.7,0.1,8.2
Shane Heal,0.4,0.8,0.1,0.1,2.0
Alan Henderson,5.0,0.6,0.6,0.5,7.8
Cedric Henderson,2.9,1.6,0.9,0.4,7.3
Dave Henderson,1.6,1.5,0.5,0.2,5.7
Gerald Henderson,1.7,3.6,1.1,0.1,8.9
Gerald Henderson,3.2,1.9,0.7,0.3,11.2
J.R. Henderson,1.6,0.7,0.3,0.1,3.2
Kevin Henderson,1.1,1.5,0.4,0.0,3.0
Tom Henderson,2.3,4.8,1.2,0.1,9.4
Mark Hendrickson,2.8,0.6,0.4,0.1,3.3
Carl Henry,0.7,0.1,0.2,0.0,2.8
Conner Henry,0.9,1.1,0.2,0.1,3.3
Myke Henry,1.9,1.1,1.6,0.3,5.4
Skeeter Henry,0.5,1.0,0.0,0.0,1.0
Xavier Henry,1.9,0.6,0.5,0.1,5.7
John Henson,5.3,1.1,0.5,1.4,7.6
Steve Henson,0.7,2.0,0.4,0.0,3.1
Dewan Hernandez,2.3,0.5,0.2,0.0,2.3
Juan Hernangómez,3.5,0.7,0.4,0.2,5.5
Willy Hernangómez,5.5,1.1,0.4,0.4,6.8
Chris Herren,1.0,2.4,0.4,0.0,3.2
Carl Herrera,3.6,0.6,0.5,0.4,5.3
Walter Herrmann,2.1,0.4,0.2,0.1,5.4
Tyler Herro,4.5,2.7,0.6,0.3,14.4
Keith Herron,2.0,1.4,0.8,0.2,9.8
Mario Hezonja,3.1,1.3,0.7,0.2,6.9
Roy Hibbert,6.3,1.3,0.4,1.7,10.0
Isaiah Hicks,2.3,0.9,0.1,0.3,4.4
J.J. Hickson,6.8,0.8,0.5,0.6,9.5
Buddy Hield,4.2,2.3,0.8,0.3,16.0
Cory Higgins,0.9,0.9,0.2,0.1,3.7
Rod Higgins,3.6,1.6,0.6,0.5,9.0
Sean Higgins,1.8,1.0,0.3,0.1,6.3
Kenny Higgs,1.8,4.4,1.1,0.1,6.8
Johnny High,2.3,1.9,1.2,0.3,5.1
Haywood Highsmith,1.0,0.4,0.2,0.0,1.8
Nenê Hilário,6.0,1.8,1.1,0.7,11.3
Armond Hill,2.0,4.7,1.2,0.1,6.9
George Hill,3.1,3.2,0.9,0.3,11.1
Grant Hill,6.0,4.1,1.2,0.6,16.7
Jordan Hill,5.8,0.8,0.4,0.7,7.9
Solomon Hill,3.1,1.5,0.7,0.2,5.7
Tyrone Hill,8.6,0.8,0.8,0.5,9.4
Darrun Hilliard,0.9,0.8,0.2,0.0,3.2
Kirk Hinrich,2.9,4.8,1.1,0.3,10.9
Roy Hinson,6.8,1.0,0.6,1.7,14.2
Nate Hinton,0.3,0.4,0.4,0.1,1.9
Robert Hite,1.3,0.7,0.3,0.2,4.3
Jaylen Hoard,2.5,0.3,0.4,0.0,2.9
Donald Hodge,3.2,0.8,0.3,0.4,4.7
Craig Hodges,1.3,2.5,0.8,0.0,8.5
Fred Hoiberg,2.7,1.6,0.8,0.1,5.4
Aaron Holiday,1.7,2.4,0.6,0.2,7.6
Jrue Holiday,3.9,6.3,1.5,0.5,15.9
Justin Holiday,3.0,1.5,1.0,0.4,8.4
Brad Holland,0.6,0.7,0.5,0.0,3.2
John Holland,1.0,0.2,0.3,0.1,2.2
Lionel Hollins,2.4,4.5,1.6,0.3,11.6
Ryan Hollins,2.2,0.3,0.2,0.5,3.7
Rondae Hollis-Jefferson,5.6,1.9,0.9,0.5,9.3
Richaun Holmes,5.6,1.0,0.6,1.1,9.2
Michael Holton,1.4,3.0,0.6,0.1,6.2
Jerald Honeycutt,1.9,0.7,0.5,0.1,5.1
Tyler Honeycutt,1.0,0.4,0.2,0.2,1.2
Rodney Hood,2.8,1.8,0.7,0.2,11.6
Dave Hoppen,3.8,0.6,0.3,0.2,5.0
Dennis Hopson,2.8,1.6,1.0,0.5,10.9
Scotty Hopson,0.0,0.7,0.3,0.0,0.7
Cedrick Hordges,5.9,1.2,0.4,0.3,7.6
Al Horford,8.2,3.3,0.8,1.2,13.9
Jeff Hornacek,3.4,4.9,1.4,0.2,14.5
Dennis Horner,0.6,0.0,0.0,0.0,0.6
Robert Horry,4.8,2.1,1.0,0.9,7.0
Ed Horton,2.4,0.4,0.2,0.1,4.5
Talen Horton-Tucker,2.4,2.1,0.9,0.4,7.7
Danuel House,3.9,1.3,0.7,0.4,9.4
Eddie House,1.7,1.6,0.7,0.1,7.5
Allan Houston,2.9,2.4,0.7,0.2,17.3
Byron Houston,3.0,0.5,0.5,0.4,3.9
Brian Howard,2.8,0.9,0.7,0.4,6.0
Dwight Howard,12.1,1.4,0.9,1.9,16.3
Josh Howard,5.7,1.6,1.0,0.5,14.3
Juwan Howard,6.1,2.2,0.7,0.3,13.4
Markus Howard,0.3,0.4,0.1,0.0,1.1
Phil Hubbard,5.3,1.3,0.9,0.1,10.9
Lester Hudson,1.4,1.2,0.6,0.1,4.7
Troy Hudson,1.7,3.4,0.5,0.1,9.0
Marcelo Huertas,1.5,3.1,0.5,0.1,3.9
Kevin Huerter,3.5,3.3,1.0,0.4,11.0
Josh Huestis,2.4,0.3,0.2,0.6,2.5
Alfredrick Hughes,1.7,0.9,0.4,0.1,5.2
Eddie Hughes,1.0,1.6,0.7,0.0,3.1
Elijah Hughes,0.6,0.4,0.1,0.1,2.2
Larry Hughes,4.2,3.1,1.5,0.4,14.1
Rick Hughes,2.3,0.4,0.1,0.0,3.9
Robbie Hummel,2.7,0.5,0.3,0.1,3.9
Ryan Humphrey,2.2,0.2,0.2,0.2,2.3
Jay Humphries,2.5,5.5,1.5,0.1,11.1
Kris Humphries,5.4,0.7,0.4,0.6,6.7
Brandon Hunter,2.8,0.3,0.3,0.1,3.3
Chris Hunter,2.8,0.6,0.2,0.6,4.5
De'Andre Hunter,4.7,1.9,0.7,0.3,13.2
Lindsey Hunter,2.2,2.7,1.2,0.2,8.5
R.J. Hunter,1.0,0.4,0.4,0.1,3.0
Steven Hunter,3.2,0.2,0.1,1.1,4.5
Bobby Hurley,1.1,3.3,0.4,0.0,3.8
Geoff Huston,1.4,5.1,0.7,0.1,8.8
Chandler Hutchison,4.0,0.8,0.6,0.2,6.0
Marc Iavaroni,3.2,1.0,0.3,0.4,4.4
Serge Ibaka,7.3,0.8,0.4,2.0,12.5
Andre Iguodala,5.0,4.2,1.5,0.5,11.7
Zydrunas Ilgauskas,7.3,1.1,0.5,1.6,13.0
Didier Ilunga-Mbenga,1.5,0.2,0.2,0.6,1.8
Ersan İlyasova,5.7,1.1,0.7,0.4,10.2
Joe Ingles,3.3,3.7,1.0,0.2,8.6
Damien Inglis,1.6,0.5,0.3,0.2,1.8
Andre Ingram,1.3,1.2,0.7,0.5,4.0
Brandon Ingram,5.0,3.4,0.7,0.6,17.5
Byron Irvin,1.4,0.8,0.5,0.0,5.2
Kyrie Irving,3.8,5.7,1.3,0.4,22.8
Jonathan Isaac,5.4,1.1,1.1,1.5,9.3
Mike Iuzzolino,2.0,4.3,0.7,0.1,9.0
Allen Iverson,3.7,6.2,2.2,0.2,26.7
Royal Ivey,1.1,1.0,0.5,0.1,3.3
Wesley Iwundu,2.4,1.0,0.5,0.2,4.5
Jarrett Jack,2.9,4.6,0.8,0.1,10.8
Aaron Jackson,3.0,1.0,0.0,0.0,8.0
Bobby Jackson,3.1,2.6,0.9,0.1,9.7
Cedric Jackson,0.7,1.2,0.3,0.2,1.7
Darnell Jackson,1.5,0.2,0.2,0.1,2.2
Demetrius Jackson,0.7,0.7,0.3,0.0,1.8
Frank Jackson,1.8,1.0,0.3,0.0,7.1
Jaren Jackson,1.8,1.2,0.6,0.1,5.5
Jaren Jackson,4.6,1.2,0.8,1.5,15.5
Jermaine Jackson,1.1,1.4,0.3,0.1,1.9
Jim Jackson,4.7,3.2,0.8,0.2,14.3
Josh Jackson,4.2,1.9,1.0,0.6,12.1
Justin Jackson,2.5,1.1,0.4,0.2,6.6
Luke Jackson,1.2,0.8,0.3,0.0,3.5
Marc Jackson,4.3,0.8,0.4,0.3,8.4
Mark Jackson,3.8,8.0,1.2,0.1,9.6
Michael Jackson,0.8,2.2,0.3,0.1,2.1
Pierre Jackson,1.1,2.4,0.3,0.0,4.4
Randell Jackson,1.9,0.3,0.1,0.4,4.1
Reggie Jackson,2.9,4.3,0.7,0.1,12.6
Stanley Jackson,1.6,0.9,0.3,0.0,2.2
Stephen Jackson,3.9,3.1,1.3,0.4,15.1
Tracy Jackson,1.9,1.0,0.6,0.1,5.4
Casey Jacobsen,1.8,1.1,0.4,0.1,5.2
Sam Jacobson,1.2,0.5,0.5,0.0,4.2
Dave Jamerson,0.9,0.7,0.3,0.0,3.4
Bernard James,2.3,0.1,0.2,0.7,2.2
Damion James,3.4,0.7,0.6,0.5,3.8
Henry James,1.5,0.4,0.2,0.1,6.1
Jerome James,3.1,0.3,0.3,1.1,4.3
Justin James,0.7,0.5,0.1,0.2,2.2
LeBron James,7.4,7.4,1.6,0.8,27.0
Mike James,2.2,3.5,0.8,0.1,9.9
Mike James,2.5,3.5,0.8,0.2,9.3
Tim James,1.1,0.3,0.0,0.2,1.6
Antawn Jamison,7.5,1.6,1.0,0.4,18.5
Marko Jarić,2.7,3.6,1.3,0.3,7.1
Šarūnas Jasikevičius,1.6,2.9,0.5,0.0,6.8
Nathan Jawai,2.4,0.5,0.2,0.2,2.8
Chris Jefferies,1.2,0.4,0.3,0.3,3.9
Othyus Jeffers,2.6,0.6,0.6,0.0,3.8
Al Jefferson,8.4,1.5,0.7,1.2,15.7
Cory Jefferson,2.8,0.3,0.2,0.4,3.5
Dontell Jefferson,2.0,1.5,0.7,0.2,4.8
Richard Jefferson,4.0,2.0,0.7,0.3,12.6
DaQuan Jeffries,1.5,0.4,0.4,0.2,3.6
Jared Jeffries,4.1,1.3,0.7,0.5,4.8
Charles Jenkins,0.9,1.9,0.4,0.1,3.7
Horace Jenkins,0.6,0.6,0.3,0.1,2.8
John Jenkins,1.5,0.8,0.2,0.1,5.0
Brandon Jennings,3.0,5.7,1.2,0.2,14.1
Keith Jennings,1.5,3.7,1.0,0.0,6.6
Chris Jent,2.7,1.3,0.0,0.0,6.2
Les Jepsen,1.3,0.0,0.0,0.2,1.0
Jonas Jerebko,4.0,0.8,0.5,0.2,6.2
Ty Jerome,2.0,2.1,0.6,0.1,5.3
Grant Jerrett,1.1,0.4,0.3,0.3,2.0
Eugene Jeter,1.1,2.6,0.5,0.0,4.1
Yi Jianlian,4.9,0.7,0.5,0.7,7.9
Isaiah Joe,1.0,0.6,0.3,0.2,3.6
Britton Johnsen,2.1,0.6,0.3,0.0,2.1
Alize Johnson,2.6,0.3,0.2,0.2,2.2
Amir Johnson,5.4,1.2,0.6,1.0,7.0
Anthony Johnson,1.7,2.9,0.7,0.1,5.6
Armon Johnson,1.0,1.2,0.2,0.0,3.3
Avery Johnson,1.7,5.5,1.0,0.1,8.4
B.J. Johnson,1.4,0.2,0.3,0.0,3.1
Brice Johnson,1.6,0.1,0.5,0.3,2.2
Buck Johnson,3.5,1.7,0.8,0.5,9.1
Cameron Johnson,3.2,1.3,0.6,0.3,9.2
Carldell Johnson,0.6,1.5,0.5,0.0,1.8
Chris Johnson,2.0,0.6,0.6,0.2,4.4
Clay Johnson,1.2,0.6,0.4,0.1,2.8
Clemon Johnson,4.6,1.0,0.5,0.9,5.4
Darryl Johnson,0.2,0.1,0.0,0.0,1.1
Dave Johnson,1.1,0.3,0.2,0.0,3.5
Dennis Johnson,3.9,5.0,1.3,0.6,14.1
DerMarr Johnson,2.2,0.9,0.6,0.4,6.2
Eddie Johnson,2.3,5.1,1.1,0.1,15.1
Eddie Johnson,4.0,2.1,0.6,0.2,16.0
Eric Johnson,0.6,1.3,0.4,0.0,1.1
Ervin Johnson,6.1,0.5,0.6,1.3,4.1
Frank Johnson,1.7,4.2,1.0,0.1,8.3
George Johnson,6.5,1.0,0.5,2.5,4.8
George Johnson,5.6,1.8,0.9,0.6,9.1
Ivan Johnson,3.9,0.6,0.8,0.3,6.5
James Johnson,3.6,2.1,0.8,0.9,7.9
Joe Johnson,4.0,3.9,0.8,0.2,16.0
John Johnson,5.5,3.8,0.8,0.4,12.9
Keldon Johnson,5.5,1.6,0.6,0.4,11.9
Kevin Johnson,3.3,9.1,1.5,0.2,17.9
Larry Johnson,7.5,3.3,0.7,0.4,16.2
Linton Johnson,3.3,0.4,0.6,0.4,3.9
Magic Johnson,7.2,11.2,1.9,0.4,19.5
Marques Johnson,7.0,3.6,1.3,0.8,20.1
Mickey Johnson,7.2,3.0,1.1,0.7,14.1
Nick Johnson,1.4,0.4,0.3,0.1,2.6
Ollie Johnson,3.3,1.8,0.7,0.4,7.7
Orlando Johnson,1.7,0.7,0.2,0.1,3.2
Reggie Johnson,4.1,0.9,0.4,0.6,8.4
Stanley Johnson,3.1,1.4,0.8,0.2,6.2
Steffond Johnson,1.5,0.2,0.3,0.1,2.6
Steve Johnson,5.5,1.2,0.5,0.8,11.7
Trey Johnson,0.9,0.7,0.1,0.0,2.6
Tyler Johnson,3.1,2.3,0.8,0.4,10.0
Vinnie Johnson,3.2,3.3,0.9,0.3,12.0
Wesley Johnson,3.2,1.1,0.8,0.7,7.0
Darius Johnson-Odom,0.9,0.3,0.1,0.0,0.0
Nate Johnston,1.1,0.0,0.1,0.4,2.2
Nikola Jokić,9.8,5.8,1.2,0.7,18.0
Anthony Jones,1.3,0.7,0.5,0.2,3.6
Askia Jones,1.0,1.5,0.5,0.0,4.1
Bill Jones,1.3,0.5,0.5,0.2,3.5
Bobby Jones,1.6,0.5,0.3,0.0,3.2
Charles Jones,4.5,0.9,0.6,1.6,2.5
Charles Jones,3.8,1.0,0.5,0.5,5.0
Charles Jones,1.2,1.6,0.6,0.1,3.5
Dahntay Jones,1.7,0.8,0.4,0.2,5.4
Damian Jones,2.9,0.6,0.3,0.7,4.3
Damon Jones,1.6,2.7,0.4,0.0,6.6
DeQuan Jones,1.7,0.3,0.3,0.3,3.7
Derrick Jones,3.6,0.7,0.7,0.7,7.0
Dominique Jones,1.4,1.8,0.4,0.1,3.1
Dwayne Jones,2.3,0.1,0.1,0.4,1.3
Dwight Jones,5.9,1.2,0.6,0.5,8.1
Eddie Jones,4.0,2.9,1.7,0.6,14.8
Edgar Jones,4.8,0.9,0.6,1.3,9.0
Fred Jones,2.2,2.3,0.8,0.3,7.5
Jalen Jones,2.3,0.3,0.4,0.1,4.8
James Jones,1.8,0.5,0.3,0.3,5.2
Jemerrio Jones,8.2,2.2,1.2,0.8,4.5
Jumaine Jones,4.2,0.9,0.7,0.3,7.1
Major Jones,3.5,0.6,0.4,0.5,4.4
Mark Jones,0.3,0.8,0.0,0.0,1.2
Mark Jones,1.3,0.6,0.5,0.2,2.3
Mason Jones,2.0,1.5,0.2,0.0,5.8
Ozell Jones,3.4,0.8,0.5,0.8,3.5
Perry Jones,1.8,0.4,0.3,0.2,3.4
Popeye Jones,7.4,1.3,0.6,0.3,7.0
Shelton Jones,2.2,0.8,0.4,0.3,4.8
Solomon Jones,2.3,0.4,0.2,0.5,3.0
Terrence Jones,5.7,1.0,0.6,1.2,10.4
Tre Jones,0.4,0.5,0.1,0.0,1.7
Tyus Jones,1.6,3.6,1.0,0.1,5.7
Adonis Jordan,0.6,2.2,0.3,0.1,2.1
DeAndre Jordan,10.6,1.0,0.6,1.6,9.4
Eddie Jordan,1.9,3.8,1.8,0.2,8.1
Michael Jordan,6.2,5.3,2.3,0.8,30.1
Reggie Jordan,1.8,1.0,0.5,0.2,2.7
Cory Joseph,2.6,2.9,0.8,0.2,6.9
Kris Joseph,0.7,0.1,0.3,0.0,0.9
Jeff Judkins,1.6,1.0,0.5,0.1,5.4
Mfiondu Kabengele,0.7,0.2,0.1,0.1,2.0
Chris Kaman,7.6,1.3,0.4,1.3,11.2
Frank Kaminsky,4.0,1.6,0.4,0.4,9.5
Enes Kanter,7.9,0.9,0.4,0.5,11.6
Jason Kapono,1.7,0.8,0.4,0.0,6.7
Sergey Karasev,1.5,0.9,0.3,0.0,3.0
Coby Karl,1.3,1.0,0.3,0.1,2.4
Mario Kasun,2.6,0.2,0.1,0.2,2.7
Clarence Kea,2.5,0.4,0.2,0.1,3.9
Adam Keefe,4.1,0.7,0.5,0.3,5.0
Rich Kelley,7.0,2.6,0.9,0.9,7.6
Clark Kellogg,9.5,2.9,1.5,0.4,18.9
Ryan Kelly,3.1,1.3,0.5,0.5,6.0
Greg Kelser,4.6,1.3,0.8,0.5,9.7
Shawn Kemp,8.4,1.6,1.1,1.2,14.6
Tim Kempton,2.8,1.1,0.4,0.2,4.5
Luke Kennard,2.8,2.1,0.5,0.2,9.5
D.J. Kennedy,3.5,1.5,1.0,0.0,6.0
Steve Kerr,1.2,1.8,0.5,0.1,6.0
Jerome Kersey,5.5,1.9,1.2,0.7,10.3
Alec Kessler,3.6,0.4,0.2,0.3,5.2
Randolph Keys,2.3,0.8,0.6,0.2,5.2
Viktor Khryapa,3.4,1.0,0.6,0.3,4.5
Jason Kidd,6.3,8.7,1.9,0.3,12.6
Michael Kidd-Gilchrist,5.4,1.2,0.7,0.7,8.4
Sean Kilpatrick,2.7,1.5,0.5,0.1,10.3
Bo Kimble,1.5,0.9,0.4,0.1,5.5
Stan Kimbrough,0.5,0.5,0.4,0.0,1.6
Albert King,4.2,2.2,0.8,0.4,12.1
Bernard King,5.8,3.3,1.0,0.3,22.5
Chris King,3.0,1.1,0.7,0.3,6.7
Frankie King,1.2,0.5,0.5,0.0,2.1
Jimmy King,1.8,1.4,0.4,0.2,4.5
Louis King,1.0,0.5,0.2,0.0,2.0
Reggie King,6.2,1.6,0.8,0.3,8.9
Rich King,1.0,0.3,0.1,0.1,1.9
Stacey King,3.3,0.9,0.4,0.5,6.4
Tarence Kinsey,1.3,0.5,0.6,0.0,4.7
Andrei Kirilenko,5.5,2.7,1.4,1.8,11.8
Curtis Kitchen,1.5,0.2,0.3,0.5,1.5
Greg Kite,3.8,0.5,0.3,0.6,2.5
Kerry Kittles,3.9,2.6,1.6,0.4,14.1
Maxi Kleber,4.5,1.0,0.4,0.9,7.2
Joe Kleine,4.1,0.6,0.3,0.3,4.8
Linas Kleiza,3.6,0.8,0.4,0.2,8.7
Brandon Knight,3.1,4.0,0.9,0.2,14.1
Brevin Knight,2.4,6.1,1.7,0.1,7.3
Nathan Knight,1.9,0.2,0.3,0.3,3.7
Negele Knight,1.3,2.8,0.4,0.1,6.2
Toby Knight,5.1,1.2,0.9,0.7,12.9
Travis Knight,3.1,0.6,0.4,0.6,3.4
Kevin Knox,3.3,0.9,0.4,0.3,8.9
Bart Kofoed,0.5,1.0,0.2,0.0,1.5
Jon Koncak,4.9,1.0,0.7,1.0,4.5
John Konchar,2.9,1.1,0.6,0.2,3.4
Joe Kopicki,2.7,0.7,0.3,0.1,3.7
Furkan Korkmaz,2.1,1.0,0.6,0.2,7.8
Frank Kornet,1.1,0.3,0.2,0.0,1.9
Luke Kornet,2.6,1.0,0.4,0.8,6.0
Yaroslav Korolev,0.5,0.4,0.2,0.0,1.1
Kyle Korver,3.0,1.7,0.7,0.3,9.7
Kosta Koufos,5.0,0.5,0.4,0.7,5.7
Joel Kramer,2.8,1.0,0.4,0.2,3.8
Wayne Kreklow,0.5,0.4,0.1,0.0,1.2
Nenad Krstić,5.4,0.8,0.4,0.7,10.0
Larry Krystkowiak,4.9,1.2,0.6,0.1,8.2
Toni Kukoč,4.2,3.7,1.0,0.3,11.6
Mitch Kupchak,5.4,0.7,0.3,0.3,10.2
Rodions Kurucs,3.2,0.9,0.6,0.3,6.1
Rob Kurz,2.0,0.5,0.4,0.5,3.9
Kyle Kuzma,5.7,1.9,0.5,0.4,15.4
Mindaugas Kuzminskas,1.8,1.0,0.4,0.2,6.2
Raef LaFrentz,6.1,1.1,0.5,1.6,10.1
Tom LaGarde,5.1,1.5,0.3,0.4,7.6
Rusty LaRue,1.3,1.6,0.6,0.1,5.0
Zach LaVine,3.8,3.7,0.9,0.3,18.8
Skal Labissière,4.5,1.0,0.4,0.7,7.2
Sam Lacey,9.7,3.7,1.3,1.5,10.3
Christian Laettner,6.7,2.6,1.1,0.8,12.8
Bill Laimbeer,9.7,2.0,0.7,0.9,12.9
Anthony Lamb,3.1,0.3,0.1,0.1,2.2
Doron Lamb,1.0,0.8,0.2,0.0,3.5
Jeremy Lamb,3.7,1.6,0.7,0.4,10.5
John Lambert,3.3,0.6,0.3,0.4,3.8
Jeff Lamp,1.5,0.9,0.4,0.0,5.1
Maciej Lampe,2.2,0.3,0.1,0.2,3.4
Sean Lampley,2.1,0.7,0.2,0.1,4.5
Carl Landry,4.9,0.7,0.4,0.4,10.8
Marcus Landry,1.1,0.0,0.1,0.1,2.4
Mark Landsberger,6.1,0.5,0.3,0.2,5.6
Jerome Lane,5.8,1.5,0.6,0.2,5.3
Andrew Lang,4.8,0.6,0.5,1.5,6.0
Antonio Lang,1.5,0.3,0.4,0.3,2.3
Trajan Langdon,1.3,1.3,0.5,0.1,5.4
Romeo Langford,1.3,0.4,0.3,0.3,2.5
Dan Langhi,1.5,0.3,0.2,0.1,3.0
Bob Lanier,10.1,3.1,1.1,1.5,20.1
Nicolás Laprovíttola,0.6,1.6,0.2,0.1,3.3
Shane Larkin,1.9,2.9,0.9,0.1,5.5
Priest Lauderdale,1.9,0.4,0.1,0.4,3.4
Joffrey Lauvergne,3.8,0.9,0.3,0.2,5.6
Acie Law,1.0,1.6,0.4,0.0,3.9
Vic Law,1.4,0.4,0.3,0.0,1.9
Ty Lawson,2.7,6.0,1.2,0.1,12.7
Jake Layman,1.9,0.6,0.4,0.3,5.3
Caris LeVert,3.8,3.7,1.1,0.3,13.1
T.J. Leaf,2.0,0.3,0.2,0.2,3.3
Allen Leavell,1.7,4.8,1.3,0.2,9.5
Eric Leckner,3.2,0.5,0.2,0.3,4.1
Jalen Lecque,0.8,0.4,0.0,0.0,1.7
Ricky Ledo,1.4,0.8,0.3,0.0,3.9
Courtney Lee,2.6,1.7,1.0,0.3,9.6
Damion Lee,3.6,1.7,0.8,0.1,8.7
David Lee,8.8,2.2,0.8,0.4,13.5
Doug Lee,0.6,0.4,0.2,0.1,2.3
Keith Lee,4.7,1.0,0.4,0.6,6.1
Kurk Lee,0.6,0.7,0.2,0.0,1.4
Malcolm Lee,1.8,1.4,0.6,0.3,3.9
Ron Lee,2.7,3.8,1.9,0.3,7.3
Saben Lee,1.9,3.0,0.6,0.3,6.1
Tim Legler,1.6,1.3,0.5,0.1,7.0
Walt Lemon,2.6,3.2,1.0,0.2,9.4
Alex Len,6.0,0.8,0.4,1.0,7.8
Voshon Lenard,2.8,2.1,0.8,0.2,11.9
Gary Leonard,1.1,0.1,0.1,0.3,1.4
Kawhi Leonard,6.4,2.8,1.8,0.6,19.2
Meyers Leonard,3.9,0.9,0.2,0.3,5.6
Jim Les,1.2,2.9,0.5,0.1,3.8
Ronnie Lester,1.9,4.0,0.7,0.1,7.3
Clifford Lett,0.6,0.7,0.2,0.1,3.5
Jon Leuer,3.8,0.8,0.4,0.3,6.4
Fat Lever,6.0,6.2,2.2,0.3,13.9
Cliff Levingston,5.2,0.9,0.6,0.7,7.1
Kira Lewis,1.2,2.3,0.7,0.2,6.7
Martin Lewis,1.4,0.3,0.4,0.2,3.6
Quincy Lewis,1.3,0.6,0.4,0.2,3.6
Ralph Lewis,1.2,0.3,0.3,0.1,2.3
Rashard Lewis,5.2,1.7,1.1,0.5,14.9
Reggie Lewis,4.3,2.6,1.3,0.9,17.6
Marcus Liberty,3.5,0.9,0.7,0.3,7.3
Todd Lichti,2.1,1.4,0.8,0.2,7.9
DeAndre Liggins,1.4,0.7,0.6,0.2,2.0
Damian Lillard,4.2,6.6,1.0,0.3,24.6
Jeremy Lin,2.8,4.3,1.1,0.4,11.6
Alton Lister,6.3,1.0,0.4,1.5,6.6
Nassir Little,2.4,0.5,0.2,0.3,4.2
Randy Livingston,1.4,2.0,0.6,0.2,3.8
Shaun Livingston,2.4,3.0,0.7,0.4,6.3
Horacio Llamas Grey,1.3,0.2,0.4,0.3,2.1
Lewis Lloyd,3.1,2.9,0.9,0.3,13.2
Scott Lloyd,3.0,1.0,0.3,0.2,4.6
Kevin Loder,2.3,1.2,0.5,0.3,5.9
Brad Lohaus,2.8,1.1,0.5,0.8,5.9
Art Long,3.3,0.5,0.3,0.4,3.5
Grant Long,6.1,1.7,1.2,0.4,9.5
John Long,2.8,1.9,1.0,0.2,13.6
Shawn Long,4.7,0.7,0.5,0.5,8.2
Luc Longley,4.9,1.5,0.5,1.0,7.2
Kevon Looney,3.8,1.1,0.5,0.6,4.3
Brook Lopez,6.3,1.5,0.6,1.8,16.5
Felipe López,2.4,1.0,0.6,0.2,5.8
Raül López,1.7,3.8,0.7,0.0,6.5
Robin Lopez,5.0,0.8,0.2,1.1,8.8
Ryan Lorthridge,1.9,2.7,0.8,0.0,7.4
Kevin Love,11.1,2.4,0.7,0.4,18.1
Sidney Lowe,1.7,3.9,1.0,0.0,2.9
Kyle Lowry,4.4,6.2,1.3,0.3,14.8
Jordan Loyd,0.8,0.5,0.0,0.0,2.4
John Lucas,2.3,7.0,1.4,0.1,10.7
Kalin Lucas,1.5,0.5,0.5,0.0,1.0
John Lucas III,1.0,1.5,0.4,0.0,4.7
Tyronn Lue,1.7,3.1,0.5,0.0,8.5
Timothé Luwawu-Cabarrot,2.1,0.9,0.4,0.1,6.2
Tyler Lydon,0.7,0.2,0.1,0.0,0.9
Trey Lyles,4.2,1.0,0.4,0.3,7.3
George Lynch,5.0,1.4,1.1,0.3,6.6
Kevin Lynch,1.3,1.1,0.5,0.2,3.3
Sheldon Mac,1.1,0.5,0.3,0.1,3.0
Don MacLean,3.8,1.3,0.4,0.2,10.9
Scott Machado,0.1,0.9,0.3,0.0,1.8
Arvydas Macijauskas,0.5,0.3,0.4,0.0,2.3
Ollie Mack,2.5,1.8,0.7,0.1,7.2
Sam Mack,2.1,1.3,0.6,0.1,7.8
Shelvin Mack,2.0,3.1,0.7,0.1,6.6
Malcolm Mackey,1.1,0.0,0.0,0.1,1.5
Rudy Macklin,2.9,0.8,0.5,0.2,6.4
Daryl Macon,1.0,0.7,0.1,0.0,2.7
Mark Macon,1.9,1.7,1.4,0.1,6.7
Kyle Macy,2.2,4.0,1.1,0.1,9.5
Tito Maddox,0.8,0.6,0.3,0.1,1.2
Gerald Madkins,0.5,1.4,0.5,0.0,1.7
Mark Madsen,2.6,0.4,0.3,0.2,2.2
Josh Magette,1.0,2.4,0.4,0.1,2.2
Corey Maggette,4.9,2.1,0.7,0.2,16.0
Dave Magley,0.7,0.1,0.1,0.0,0.9
Jamaal Magloire,6.5,0.6,0.3,0.9,7.2
Ian Mahinmi,4.4,0.6,0.6,0.7,5.2
Rick Mahorn,6.2,1.0,0.6,0.9,6.9
Dan Majerle,4.5,2.9,1.3,0.4,11.4
Thon Maker,2.8,0.6,0.4,0.7,4.6
Théo Maledon,3.4,3.4,1.0,0.1,9.3
Jeff Malone,2.6,2.4,0.6,0.1,19.0
Karl Malone,10.1,3.6,1.4,0.8,25.0
Matt Maloney,1.7,2.9,0.8,0.0,7.4
Karim Mané,1.6,0.4,0.0,0.2,1.0
Terance Mann,2.7,1.4,0.3,0.2,4.5
Danny Manning,5.2,2.3,1.1,0.9,14.0
Rich Manning,1.7,0.2,0.1,0.1,3.3
Nico Mannion,1.6,2.7,0.7,0.1,5.3
Pace Mannion,1.2,1.1,0.5,0.1,3.1
Pete Maravich,4.2,5.4,1.4,0.3,24.2
Devyn Marble,1.6,0.7,0.5,0.1,2.2
Roy Marble,1.1,0.4,0.2,0.1,1.9
Stephon Marbury,3.0,7.6,1.2,0.1,19.3
Šarūnas Marčiulionis,2.3,2.2,1.3,0.1,12.8
Shawn Marion,8.7,1.9,1.5,1.1,15.2
Boban Marjanović,4.0,0.5,0.2,0.3,6.1
Lauri Markkanen,7.4,1.3,0.7,0.5,16.2
Damir Markota,1.0,0.2,0.1,0.0,1.7
Sean Marks,2.2,0.2,0.1,0.4,2.8
Donny Marshall,1.0,0.3,0.3,0.0,2.5
Donyell Marshall,6.7,1.4,0.8,0.9,11.2
Kendall Marshall,1.6,4.9,0.7,0.1,5.0
Naji Marshall,0.9,0.4,0.4,0.1,1.5
Rawle Marshall,1.0,0.4,0.3,0.2,2.7
Bill Martin,1.6,0.7,0.4,0.1,4.7
Caleb Martin,2.3,1.1,0.8,0.3,5.3
Cartier Martin,1.9,0.5,0.4,0.1,5.1
Cody Martin,3.0,1.8,0.7,0.2,4.5
Cuonzo Martin,0.4,0.4,0.1,0.0,1.3
Darrick Martin,1.1,2.9,0.7,0.0,6.9
Fernando Martín,1.2,0.4,0.3,0.0,0.9
Jarell Martin,3.5,0.6,0.4,0.4,5.4
Jeff Martin,2.0,0.8,0.5,0.3,6.7
Jeremiah Martin,1.1,2.0,0.8,0.2,7.1
Kelan Martin,2.4,0.5,0.2,0.2,4.7
Kenyon Martin,6.8,1.9,1.2,1.1,12.3
Kenyon Martin,4.5,0.7,0.6,0.9,6.8
Kevin Martin,3.2,1.9,0.9,0.1,17.4
Maurice Martin,0.9,0.7,0.3,0.1,3.0
Jamal Mashburn,5.4,4.0,1.0,0.2,19.1
Anthony Mason,8.3,3.4,0.7,0.3,10.9
Desmond Mason,4.5,1.6,0.7,0.4,12.1
Frank Mason,2.0,2.6,0.5,0.1,6.7
Roger Mason,1.7,1.3,0.4,0.1,6.3
Tony Massenburg,4.3,0.4,0.4,0.5,6.2
Garrison Mathews,1.5,0.5,0.5,0.1,6.3
Dakota Mathias,0.9,1.6,0.1,0.4,6.0
Wes Matthews,1.3,4.2,1.0,0.2,7.9
Wesley Matthews,3.0,2.1,1.0,0.2,12.7
Marlon Maxey,3.7,0.2,0.3,0.5,4.9
Tyrese Maxey,1.7,1.6,0.4,0.2,7.4
Jason Maxiell,4.2,0.4,0.4,0.8,5.6
Cedric Maxwell,6.3,2.2,0.8,0.5,12.5
Vernon Maxwell,2.6,3.4,1.1,0.2,12.8
Scott May,4.1,1.7,0.8,0.1,10.4
Sean May,4.0,1.0,0.4,0.4,6.9
Lee Mayberry,1.3,3.6,0.7,0.1,5.1
Tharon Mayes,0.7,1.5,0.7,0.1,4.1
Eric Maynor,1.3,2.8,0.4,0.1,4.3
O.J. Mayo,3.1,2.9,1.0,0.3,13.8
Skylar Mays,1.0,0.9,0.4,0.0,3.5
Travis Mays,2.0,2.8,0.9,0.1,11.1
Luc Mbah a Moute,4.1,0.9,0.9,0.4,6.4
Bob McAdoo,9.4,2.3,1.0,1.5,22.1
James Michael McAdoo,1.7,0.3,0.3,0.4,3.0
Tahjere McCall,1.0,0.0,0.0,0.0,4.0
Ray McCallum,2.0,2.4,0.5,0.2,6.0
Bob McCann,2.6,0.6,0.4,0.4,4.2
Rashad McCants,2.0,1.3,0.7,0.2,10.0
Walter McCarty,2.6,1.1,0.6,0.3,5.2
Amal McCaskill,1.9,0.3,0.2,0.3,1.8
Patrick McCaw,1.6,1.4,0.7,0.2,3.8
Dwayne McClain,0.7,1.5,0.8,0.1,3.5
George McCloud,3.1,2.3,0.8,0.2,9.0
CJ McCollum,3.3,3.2,0.9,0.4,18.7
T.J. McConnell,2.9,4.9,1.2,0.2,6.5
Tim McCormick,4.9,1.0,0.3,0.4,8.3
Rodney McCray,6.6,3.6,0.8,0.6,11.7
Chris McCullough,1.9,0.3,0.5,0.3,3.3
Clint McDaniel,0.8,0.6,0.4,0.0,2.5
Xavier McDaniel,6.1,2.0,0.9,0.5,15.6
Jaden McDaniels,3.4,1.1,0.5,1.0,6.5
Jalen McDaniels,2.9,0.6,0.3,0.2,4.7
K.J. McDaniels,2.2,0.6,0.5,0.6,5.3
Doug McDermott,2.3,0.9,0.2,0.1,8.7
Sean McDermott,1.4,0.3,0.2,0.2,3.3
Ben McDonald,3.2,1.3,0.4,0.1,6.0
Hank McDowell,2.3,0.5,0.2,0.1,2.9
Antonio McDyess,7.5,1.3,0.8,1.1,12.0
Jim McElroy,2.0,3.5,0.9,0.3,9.9
Ivan McFarlin,1.0,0.1,0.0,0.0,1.4
Mitch McGary,3.5,0.3,0.3,0.3,4.4
JaVale McGee,5.1,0.4,0.4,1.5,7.9
Mike McGee,2.1,1.2,0.7,0.1,9.6
Tracy McGrady,5.6,4.4,1.2,0.9,19.6
Rodney McGruder,3.0,1.3,0.5,0.2,5.9
Dominic McGuire,3.4,1.2,0.5,0.5,2.7
Kevin McHale,7.3,1.7,0.4,1.7,17.9
Jim McIlvaine,3.1,0.3,0.3,1.7,2.7
Jeff McInnis,2.0,4.4,0.6,0.1,9.4
Kevin McKenna,1.3,1.4,0.8,0.1,5.4
Forrest McKenzie,1.2,0.2,0.2,0.0,2.8
Derrick McKey,4.7,2.4,1.1,0.7,11.0
Aaron McKie,3.3,2.7,1.2,0.2,7.4
Billy McKinney,1.4,3.5,0.7,0.1,8.0
Carlton McKinney,1.4,0.8,0.7,0.1,2.4
Alfonzo McKinnie,2.6,0.3,0.3,0.2,4.0
Jordan McLaughlin,1.9,4.3,1.1,0.2,6.3
Ben McLemore,2.4,1.0,0.7,0.2,8.9
Keith McLeod,1.3,2.7,0.7,0.1,5.5
Roshown McLeod,2.7,1.1,0.4,0.1,7.2
Nate McMillan,4.0,6.1,1.9,0.4,5.9
Tom McMillen,4.0,1.1,0.3,0.3,8.1
Jerel McNeal,0.5,0.3,0.5,0.2,1.5
Paul McPherson,1.4,0.7,0.5,0.1,4.8
Jordan McRae,1.8,1.4,0.4,0.2,6.9
Josh McRoberts,3.9,2.1,0.5,0.4,5.4
Stanislav Medvedenko,2.8,0.5,0.3,0.2,5.3
Darnell Mee,0.9,0.5,0.4,0.3,1.9
Jodie Meeks,2.1,1.1,0.8,0.1,9.3
Scott Meents,1.0,0.4,0.3,0.2,1.8
Salah Mejri,4.0,0.5,0.4,0.9,3.4
Gal Mekel,0.8,2.2,0.2,0.0,2.3
Nicolò Melli,2.8,1.3,0.5,0.3,5.3
De'Anthony Melton,3.2,2.9,1.3,0.4,7.2
Pops Mensah-Bonsu,3.0,0.2,0.2,0.2,3.0
Ron Mercer,3.1,2.1,1.1,0.3,13.6
Joe Meriweather,5.6,0.9,0.5,1.2,8.1
Sam Merrill,1.0,0.8,0.2,0.0,2.6
Chimezie Metu,1.7,0.6,0.2,0.3,2.8
Loren Meyer,3.4,0.6,0.2,0.4,4.6
Larry Micheaux,2.7,0.5,0.4,0.3,3.4
Jordan Mickey,2.0,0.3,0.1,0.4,2.4
Khris Middleton,4.8,3.5,1.2,0.2,16.6
Chris Mihm,5.3,0.5,0.3,1.0,7.5
C.J. Miles,2.4,1.1,0.7,0.3,9.6
Darius Miles,4.9,1.9,0.9,1.1,10.1
Marko Milič,0.7,0.3,0.3,0.0,2.5
Darko Miličić,4.2,0.9,0.4,1.3,6.0
Andre Miller,3.7,6.5,1.2,0.2,12.5
Anthony Miller,2.7,0.4,0.3,0.1,2.8
Brad Miller,7.1,2.8,0.7,0.7,11.2
Darius Miller,1.7,1.4,0.4,0.2,5.9
Malcolm Miller,0.7,0.3,0.1,0.1,2.0
Mike Miller,4.2,2.6,0.6,0.2,10.6
Oliver Miller,5.9,2.2,0.9,1.5,7.4
Quincy Miller,2.4,0.5,0.4,0.5,4.3
Reggie Miller,3.0,3.0,1.1,0.2,18.2
Chris Mills,4.9,1.9,0.7,0.4,11.2
Patty Mills,1.7,2.3,0.7,0.1,9.0
Terry Mills,5.4,1.3,0.6,0.4,10.6
Elijah Millsap,2.8,1.1,0.9,0.3,4.2
Paul Millsap,7.2,2.2,1.3,1.0,13.8
Shake Milton,2.2,2.5,0.5,0.3,10.3
Harold Miner,2.2,1.2,0.4,0.1,9.0
Yao Ming,9.2,1.6,0.4,1.9,19.0
Dirk Minniefield,1.7,3.8,0.9,0.0,5.3
Greg Minor,2.7,1.4,0.6,0.2,6.9
Nikola Mirotić,5.9,1.3,0.8,0.7,12.3
Donovan Mitchell,4.1,4.3,1.3,0.3,23.2
Mike Mitchell,5.6,1.3,0.7,0.5,19.8
Sam Mitchell,3.7,1.1,0.6,0.3,8.7
Tony Mitchell,1.2,0.1,0.3,0.1,1.0
Naz Mitrou-Long,0.7,1.2,0.1,0.1,1.7
Cuttino Mobley,3.9,2.7,1.2,0.4,16.0
Eric Mobley,3.1,0.5,0.2,0.5,3.9
Nazr Mohammed,4.7,0.4,0.4,0.6,5.8
Jérôme Moïso,2.7,0.3,0.3,0.5,2.7
Paul Mokeski,3.4,0.7,0.3,0.4,4.0
Adam Mokoka,0.7,0.4,0.3,0.1,2.3
Sidney Moncrief,4.7,3.6,1.2,0.3,15.6
Sergei Monia,2.0,0.7,0.3,0.2,3.0
Malik Monk,2.0,1.7,0.4,0.2,9.2
Greg Monroe,8.3,2.1,1.1,0.6,13.2
Rodney Monroe,0.9,0.7,0.3,0.1,3.4
Luis Montero,0.4,0.1,0.0,0.0,1.0
Eric Montross,4.6,0.4,0.3,0.6,4.5
Jamario Moon,4.3,1.0,0.8,0.8,6.3
E'Twaun Moore,2.0,1.8,0.7,0.2,7.9
Johnny Moore,3.0,7.4,2.0,0.2,9.4
Lowes Moore,2.0,2.8,0.8,0.2,6.7
Mikki Moore,3.9,0.7,0.3,0.5,5.8
Tracy Moore,1.5,1.0,0.5,0.1,7.0
Ja Morant,3.7,7.3,0.9,0.2,18.3
Eric Moreland,3.7,1.0,0.4,0.7,1.9
Juwan Morgan,1.1,0.3,0.1,0.1,1.4
Chris Morris,4.7,1.6,1.2,0.7,11.0
Darius Morris,1.0,1.4,0.3,0.0,3.3
Jaylen Morris,2.1,1.1,0.4,0.1,3.8
Marcus Morris,4.6,1.5,0.7,0.3,12.1
Markieff Morris,5.3,1.6,0.8,0.5,11.1
Monte Morris,2.1,3.5,0.8,0.2,9.8
Terence Morris,2.7,0.7,0.3,0.4,3.4
Adam Morrison,2.1,1.4,0.2,0.1,7.5
Mike Morrison,0.6,0.3,0.1,0.0,2.0
Anthony Morrow,2.2,0.9,0.6,0.1,9.4
Dwayne Morton,1.4,0.4,0.3,0.4,4.1
John Morton,1.3,2.7,0.7,0.2,4.8
Perry Moss,1.5,1.5,0.7,0.1,3.9
Lawrence Moten,1.5,1.5,0.6,0.3,6.3
Donatas Motiejūnas,3.8,1.1,0.5,0.3,7.3
Johnathan Motley,2.4,0.6,0.2,0.1,4.9
Hanno Möttölä,2.9,0.5,0.2,0.2,4.6
Alonzo Mourning,8.5,1.1,0.5,2.8,17.1
Timofey Mozgov,4.9,0.6,0.3,0.8,6.8
Emmanuel Mudiay,2.9,3.8,0.7,0.3,11.0
Shabazz Muhammad,2.8,0.5,0.3,0.1,9.0
Mychal Mulder,1.2,0.5,0.2,0.2,4.8
Byron Mullens,4.2,0.8,0.4,0.5,7.4
Chris Mullin,4.1,3.5,1.6,0.6,18.2
Xavier Munford,1.6,1.3,0.7,0.2,4.2
Eric Murdock,2.5,4.9,1.6,0.1,10.1
Gheorghe Mureșan,6.4,0.5,0.6,1.5,9.8
Calvin Murphy,2.1,4.4,1.5,0.1,17.9
Jay Murphy,1.7,0.2,0.1,0.1,2.4
Ronnie Murphy,0.6,0.3,0.3,0.1,2.0
Tod Murphy,4.9,1.0,0.6,0.5,5.5
Troy Murphy,7.8,1.5,0.7,0.4,10.8
Dejounte Murray,5.2,3.4,1.2,0.3,9.6
Jamal Murray,3.6,3.8,0.9,0.3,16.3
Lamond Murray,4.1,1.3,0.9,0.4,11.3
Ronald Murray,2.1,2.3,0.8,0.2,9.9
Tracy Murray,2.5,0.8,0.5,0.2,9.0
Toure' Murry,0.8,0.9,0.4,0.0,2.6
Džanan Musa,1.9,0.9,0.3,0.0,4.3
Mike Muscala,3.2,0.9,0.3,0.5,6.0
Jerrod Mustaf,2.5,0.6,0.3,0.3,4.0
Dikembe Mutombo,10.3,1.0,0.4,2.8,9.8
Martin Müürsepp,2.2,0.6,0.5,0.3,4.7
Pete Myers,1.8,2.1,0.7,0.2,4.8
Sviatoslav Mykhailiuk,1.7,1.5,0.6,0.1,6.8
Mamadou N'Diaye,3.3,0.1,0.2,0.9,3.8
Boniface N'Dong,1.6,0.3,0.1,0.2,2.2
Boštjan Nachbar,2.6,0.9,0.4,0.3,7.1
Abdel Nader,1.9,0.5,0.4,0.3,4.7
Lee Nailon,3.1,1.0,0.4,0.2,8.6
Eduardo Nájera,3.7,0.8,0.7,0.4,4.9
Larry Nance,8.0,2.6,0.9,2.2,17.1
Larry Nance,6.7,1.9,1.3,0.5,8.3
Shabazz Napier,1.9,2.5,0.8,0.1,7.1
Steve Nash,3.0,8.5,0.7,0.1,14.3
Howard Nathan,0.0,0.4,0.6,0.0,2.6
Calvin Natt,6.8,2.2,0.9,0.3,17.2
Kenny Natt,0.8,0.8,0.2,0.0,3.1
Juan Carlos Navarro,2.6,2.2,0.6,0.0,10.9
Maurice Ndour,2.0,0.3,0.5,0.3,3.1
Craig Neal,0.7,2.5,0.4,0.1,2.5
Gary Neal,2.2,1.6,0.4,0.0,9.9
Ed Nealy,3.3,0.7,0.5,0.1,2.7
Nemanja Nedović,0.6,0.5,0.0,0.0,1.1
DeMarcus Nelson,1.8,1.0,0.7,0.2,4.1
Jameer Nelson,3.0,5.1,0.9,0.1,11.3
Ruben Nembhard,0.8,1.7,0.9,0.0,4.0
Tyrone Nesby,3.7,1.5,1.0,0.4,9.5
Aaron Nesmith,2.2,0.4,0.3,0.2,3.6
Rasho Nesterović,5.1,1.0,0.4,1.2,6.8
Raul Neto,1.4,1.9,0.6,0.1,5.3
Melvin Newbern,1.1,1.7,0.7,0.0,3.6
Ivano Newbill,2.6,0.4,0.4,0.2,1.5
Ira Newble,2.9,0.9,0.5,0.3,5.1
Mike Newlin,3.0,4.0,1.0,0.1,14.9
Johnny Newman,2.2,1.5,0.9,0.2,11.0
Malik Newman,0.0,0.0,0.0,0.0,2.0
Georges Niang,1.7,0.6,0.2,0.1,4.4
Demetris Nichols,0.4,0.1,0.0,0.2,1.2
Andrew Nicholson,3.0,0.4,0.3,0.3,6.0
Gaylon Nickerson,1.3,0.3,0.3,0.3,3.8
Carl Nicks,1.9,1.6,0.8,0.0,6.8
Kurt Nimphius,4.4,1.2,0.3,1.2,6.4
Norm Nixon,2.6,8.3,1.5,0.1,15.7
Zeke Nnaji,1.7,0.2,0.1,0.1,3.8
Joakim Noah,9.0,2.8,0.8,1.3,8.8
Andrés Nocioni,4.5,1.2,0.4,0.4,10.5
David Noel,1.8,1.0,0.4,0.1,2.7
Nerlens Noel,6.2,1.1,1.3,1.5,7.7
Lucas Nogueira,2.8,0.5,0.6,1.0,3.2
Ken Norman,6.1,2.1,0.8,0.7,13.5
Audie Norris,3.1,0.8,0.5,0.4,4.4
Moochie Norris,2.0,2.8,0.7,0.0,5.1
Zach Norvell,1.2,0.6,0.4,0.0,2.0
Steve Novak,1.3,0.3,0.2,0.1,4.7
Jaylen Nowell,1.9,1.5,0.5,0.2,8.2
Dirk Nowitzki,7.5,2.4,0.8,0.8,20.7
Frank Ntilikina,2.1,2.9,0.8,0.3,5.8
Kendrick Nunn,2.8,3.0,0.9,0.2,14.6
James Nunnally,0.9,0.5,0.3,0.1,2.9
Jusuf Nurkić,8.0,2.0,0.9,1.3,11.7
Dennis Nutt,0.3,0.6,0.3,0.0,2.3
David Nwaba,3.7,1.1,0.8,0.5,7.3
Jordan Nwora,1.7,0.2,0.4,0.2,4.6
Charles O'Bannon,1.4,0.6,0.2,0.1,2.5
Ed O'Bannon,2.5,0.8,0.6,0.2,5.0
Johnny O'Bryant,2.4,0.5,0.2,0.1,3.5
Patrick O'Bryant,1.4,0.3,0.2,0.4,2.1
Mike O'Koren,3.4,2.1,0.8,0.2,8.2
Jermaine O'Neal,7.2,1.4,0.5,1.8,13.2
Shaquille O'Neal,10.9,2.5,0.6,2.3,23.7
Royce O'Neale,4.6,1.9,0.7,0.4,5.8
Kyle O'Quinn,4.6,1.4,0.4,1.0,5.4
Dan O'Sullivan,1.4,0.2,0.1,0.1,1.8
Charles Oakley,9.5,2.5,1.1,0.3,9.7
Fabricio Oberto,3.5,0.9,0.3,0.2,3.2
Lamar Odom,8.4,3.7,0.9,0.9,13.3
Alan Ogg,1.7,0.2,0.2,0.7,2.2
Semi Ojeleye,2.1,0.5,0.3,0.1,3.5
Emeka Okafor,9.7,0.8,0.7,1.6,12.0
Jahlil Okafor,4.9,0.9,0.3,0.8,10.7
Chuma Okeke,3.9,2.0,0.8,0.4,6.2
Elie Okobo,1.7,2.2,0.5,0.1,4.8
Josh Okogie,3.4,1.3,1.1,0.4,7.4
Onyeka Okongwu,2.6,0.2,0.4,0.6,3.2
Isaac Okoro,2.8,1.8,1.0,0.4,7.8
KZ Okpala,1.8,0.4,0.3,0.3,2.5
Mehmet Okur,7.0,1.7,0.5,0.7,13.5
Victor Oladipo,4.6,4.0,1.6,0.5,17.5
Hakeem Olajuwon,11.1,2.5,1.7,3.1,21.8
Jawann Oldham,4.1,0.5,0.3,1.7,4.4
Brian Oliver,1.0,1.0,0.4,0.1,3.3
Dean Oliver,0.7,1.3,0.3,0.0,1.8
Jimmy Oliver,1.0,0.7,0.3,0.0,4.2
Kevin Ollie,1.5,2.3,0.5,0.0,3.8
Kelly Olynyk,4.9,1.9,0.7,0.5,9.7
Miye Oni,1.6,0.3,0.2,0.2,2.4
Louis Orr,3.7,1.5,0.8,0.3,9.7
José Ortiz,1.1,0.3,0.2,0.1,2.9
Daniel Orton,2.5,0.5,0.4,0.5,2.8
Cedi Osman,3.5,2.1,0.7,0.1,9.7
Greg Ostertag,5.5,0.6,0.3,1.7,4.6
Matt Othick,0.5,1.8,0.3,0.0,2.0
Daniel Oturu,1.2,0.4,0.1,0.2,1.5
Kelly Oubre,4.4,1.0,0.9,0.5,11.4
Bo Outlaw,4.9,1.6,0.9,1.3,5.4
Travis Outlaw,3.2,0.8,0.5,0.6,8.5
Doug Overton,1.3,2.1,0.4,0.0,4.5
Andre Owens,1.3,1.0,0.3,0.1,3.6
Billy Owens,6.7,2.8,0.9,0.5,11.7
Larry Owens,1.5,0.6,0.5,0.3,2.8
Tariq Owens,1.0,0.0,0.3,0.0,1.3
Ray Owes,2.9,0.3,0.3,0.4,3.1
Zaza Pachulia,5.8,1.3,0.7,0.3,6.8
Robert Pack,2.0,4.6,1.1,0.1,8.9
Gerald Paddio,1.4,1.0,0.3,0.1,5.5
Scott Padgett,2.7,0.7,0.4,0.2,4.2
Marcus Paige,0.8,0.6,0.0,0.0,2.4
Milt Palacio,1.8,2.5,0.6,0.1,4.8
Walter Palmer,1.4,0.2,0.1,0.2,2.1
Georgios Papagiannis,3.2,0.7,0.2,0.6,4.1
Kostas Papanikolaou,2.3,1.5,0.6,0.3,3.6
Jannero Pargo,1.4,2.0,0.5,0.1,6.4
Jeremy Pargo,1.0,1.8,0.3,0.0,4.8
Robert Parish,9.1,1.4,0.8,1.5,14.5
Anthony Parker,3.2,2.3,0.9,0.2,9.1
Jabari Parker,5.7,2.1,0.9,0.4,14.8
Smush Parker,2.4,2.9,1.2,0.2,9.0
Sonny Parker,4.1,2.1,1.4,0.3,9.9
Tony Parker,2.7,5.6,0.8,0.1,15.5
Cherokee Parks,3.6,0.6,0.4,0.6,4.4
Chandler Parsons,4.5,2.7,0.9,0.3,12.7
Eric Paschall,4.0,1.8,0.4,0.2,12.2
Anžejs Pasečņiks,3.9,0.7,0.3,0.4,5.6
Žarko Paspalj,1.1,0.4,0.1,0.3,2.6
Andrae Patterson,1.7,0.4,0.5,0.2,3.0
Lamar Patterson,1.4,1.1,0.3,0.1,2.3
Patrick Patterson,3.9,1.0,0.5,0.4,6.7
Ruben Patterson,4.2,1.8,1.2,0.4,10.7
Justin Patton,2.7,0.9,0.7,0.6,3.9
Brandon Paul,1.1,0.6,0.4,0.1,2.3
Chris Paul,4.5,9.4,2.2,0.1,18.3
Sasha Pavlović,1.8,0.9,0.5,0.2,4.9
Jim Paxson,2.0,2.9,1.2,0.1,14.3
John Paxson,1.2,3.6,0.7,0.1,7.2
Adreian Payne,2.9,0.6,0.4,0.3,4.0
Cameron Payne,2.0,2.7,0.7,0.2,6.3
Kenny Payne,1.2,0.4,0.3,0.2,3.5
Elfrid Payton,4.3,6.3,1.3,0.3,11.1
Gary Payton,3.9,6.7,1.8,0.2,16.3
Gary Payton,2.3,1.4,0.8,0.2,3.5
Oleksiy Pecherov,2.4,0.2,0.2,0.2,3.9
Anthony Peeler,2.6,2.4,0.9,0.2,9.7
Norvel Pelle,2.9,0.3,0.1,1.2,2.4
Sam Pellom,3.5,0.5,0.5,0.8,4.4
Mike Penberthy,1.2,1.3,0.4,0.0,4.9
Mike Peplowski,2.6,0.4,0.3,0.4,2.9
Will Perdue,4.9,0.8,0.3,0.7,4.7
Kendrick Perkins,5.8,1.0,0.3,1.2,5.4
Sam Perkins,6.0,1.5,0.9,0.7,11.9
London Perrantes,0.3,0.4,0.1,0.1,0.5
Elliot Perry,1.4,3.1,1.0,0.0,6.3
Reggie Perry,3.8,0.8,0.3,0.4,4.1
Tim Perry,4.0,0.9,0.5,0.9,6.8
Chuck Person,5.1,2.8,0.7,0.2,14.7
Wesley Person,3.3,1.7,0.8,0.3,11.2
Alec Peters,1.9,0.6,0.1,0.1,4.1
Jim Petersen,4.8,1.0,0.4,0.7,6.9
Morris Peterson,3.5,1.5,0.9,0.2,10.7
Johan Petro,3.9,0.5,0.4,0.5,4.7
Dražen Petrović,2.3,2.4,0.9,0.1,15.4
Richard Petruška,1.4,0.0,0.1,0.1,2.4
Roger Phegley,2.0,1.4,0.5,0.1,8.7
Michael Phelps,1.1,1.0,0.5,0.0,3.6
Eddie Phillips,1.6,0.6,0.3,0.2,3.2
Bobby Phills,3.1,2.7,1.3,0.3,11.0
Eric Piatkowski,2.2,1.0,0.5,0.1,7.5
Paul Pierce,5.6,3.5,1.3,0.6,19.7
Ricky Pierce,2.4,1.9,0.8,0.2,14.9
Mickaël Piétrus,3.1,0.8,0.7,0.4,8.3
Ed Pinckney,5.0,0.9,0.8,0.5,6.8
Kevinn Pinkney,2.5,0.8,0.5,0.5,5.2
Theo Pinson,1.4,1.2,0.4,0.1,3.2
Scottie Pippen,6.4,5.2,2.0,0.8,16.1
Charles Pittman,3.1,0.9,0.3,0.3,4.5
Zoran Planinić,1.3,1.1,0.4,0.0,3.8
Tibor Pleiß,1.3,0.2,0.1,0.2,2.0
Mason Plumlee,6.4,2.3,0.8,0.9,8.5
Gary Plummer,2.4,0.5,0.2,0.2,4.2
Jakob Poeltl,5.3,1.1,0.5,1.1,5.8
Vincent Poirier,1.8,0.3,0.1,0.4,1.5
Aleksej Pokusevski,4.8,1.9,0.5,1.0,6.8
Scot Pollard,4.6,0.4,0.6,0.7,4.4
Olden Polynice,6.7,0.7,0.5,0.6,7.8
Quincy Pondexter,1.8,0.7,0.3,0.1,4.5
Shamorie Ponds,0.3,0.5,0.0,0.3,2.3
Jordan Poole,1.9,2.1,0.5,0.2,9.5
David Pope,0.9,0.3,0.2,0.1,1.9
Mark Pope,1.7,0.4,0.2,0.3,1.9
Dave Popson,1.1,0.3,0.1,0.1,1.9
Ben Poquette,5.2,1.2,0.5,1.1,6.8
Chris Porter,3.7,1.2,0.9,0.1,8.6
Kevin Porter,1.8,8.1,1.4,0.1,11.6
Kevin Porter,3.2,2.9,1.0,0.3,11.0
Michael Porter,5.8,0.9,0.6,0.7,12.3
Otto Porter,5.0,1.5,1.1,0.4,10.9
Terry Porter,3.0,5.6,1.2,0.1,12.2
Bobby Portis,6.1,1.2,0.5,0.3,10.3
Kristaps Porziņģis,7.8,1.5,0.7,2.0,18.6
James Posey,4.7,1.6,1.1,0.3,8.6
Lavor Postell,0.7,0.2,0.2,0.0,3.2
Vitaly Potapenko,4.5,0.7,0.4,0.3,6.5
Leon Powe,3.8,0.3,0.3,0.3,6.2
Dwight Powell,4.5,1.0,0.7,0.5,7.5
Josh Powell,2.9,0.5,0.2,0.2,3.9
Kasib Powell,4.0,1.6,0.8,0.2,7.6
Norman Powell,2.5,1.4,0.8,0.2,10.0
Roger Powell,1.0,0.0,0.0,0.0,0.7
Alex Poythress,2.3,0.5,0.2,0.3,3.8
Paul Pressey,3.9,5.1,1.4,0.6,10.6
Phil Pressey,1.5,2.9,0.8,0.1,3.2
Dominic Pressley,1.2,2.0,0.3,0.0,1.8
Harold Pressley,4.5,2.1,0.9,0.6,9.0
A.J. Price,1.4,2.2,0.5,0.0,5.8
Brent Price,1.6,3.0,0.7,0.0,5.9
Mark Price,2.6,6.7,1.2,0.1,15.2
Ronnie Price,1.2,1.8,0.8,0.1,3.7
Pablo Prigioni,1.9,2.8,1.0,0.0,3.5
Taurean Prince,4.2,1.9,0.9,0.5,11.2
Tayshaun Prince,4.3,2.4,0.6,0.5,11.1
Kevin Pritchard,1.0,1.6,0.4,0.1,3.6
Payton Pritchard,2.2,1.9,0.6,0.2,7.1
Laron Profit,1.5,1.2,0.5,0.2,3.3
Gabe Pruitt,0.8,0.8,0.3,0.0,2.0
Joel Przybilla,6.2,0.4,0.3,1.4,3.9
Rodney Purvis,1.7,1.1,0.2,0.2,6.0
Zhou Qi,1.2,0.1,0.1,0.7,1.3
Tim Quarterman,0.9,0.6,0.1,0.2,1.8
Immanuel Quickley,2.4,2.3,0.5,0.2,12.4
Chris Quinn,1.1,1.9,0.4,0.0,4.5
Brian Quinnett,1.6,0.6,0.3,0.2,3.4
Ivan Rabb,4.3,1.0,0.3,0.3,5.7
Mark Radford,0.8,1.7,0.5,0.1,3.6
Dino Radja,8.4,1.6,0.9,1.3,16.7
Vladimir Radmanović,3.8,1.4,0.7,0.4,8.0
Ed Rains,1.5,0.7,0.3,0.0,3.5
Igor Rakočević,0.4,0.8,0.1,0.0,1.9
Kurt Rambis,5.6,1.1,0.9,0.5,5.2
Mark Randall,1.3,0.4,0.2,0.1,2.6
Chasson Randle,1.4,1.9,0.5,0.1,5.4
Julius Randle,9.2,3.1,0.7,0.4,16.9
Anthony Randolph,4.3,0.7,0.6,0.9,7.1
Shavlik Randolph,2.5,0.2,0.3,0.3,2.3
Zach Randolph,9.1,1.8,0.7,0.3,16.6
Kelvin Ransey,1.9,5.2,1.0,0.1,11.4
Blair Rasmussen,5.7,0.9,0.4,0.9,9.6
Xavier Rathan-Mayes,1.0,3.6,1.2,0.6,5.8
Theo Ratliff,5.7,0.6,0.5,2.4,7.2
Andy Rautins,0.2,0.6,0.2,0.0,1.6
Allan Ray,1.5,0.9,0.4,0.1,6.2
James Ray,2.2,0.7,0.4,0.4,3.2
Josh Reaves,0.8,0.8,0.0,0.0,2.0
Eldridge Recasner,1.8,1.8,0.4,0.0,5.9
Michael Redd,3.8,2.1,0.9,0.1,19.0
Cam Reddish,3.8,1.5,1.1,0.4,10.7
J.J. Redick,2.0,2.0,0.5,0.1,12.9
Davon Reed,1.5,0.5,0.4,0.1,2.4
Justin Reed,1.4,0.5,0.2,0.1,3.5
Paul Reed,1.9,0.3,0.4,0.5,2.7
Willie Reed,3.8,0.3,0.2,0.7,4.9
Bryant Reeves,6.9,1.6,0.5,0.8,12.5
Khalid Reeves,2.1,3.2,0.8,0.1,7.8
Don Reid,2.9,0.4,0.5,0.7,3.6
J.R. Reid,5.0,1.0,0.8,0.4,8.5
Naz Reid,4.3,1.2,0.6,1.0,10.2
Robert Reid,4.5,2.7,1.1,0.4,11.4
Terrence Rencher,1.2,1.5,0.4,0.1,2.9
Efthimios Rentzias,0.7,0.2,0.2,0.1,1.5
Shawn Respert,1.3,1.0,0.5,0.0,4.9
Kevin Restani,4.0,1.4,0.4,0.2,6.2
Cameron Reynolds,1.4,0.6,0.3,0.1,4.4
Jerry Reynolds,3.0,2.0,1.1,0.6,9.1
Rodrick Rhodes,1.2,1.7,1.0,0.2,5.3
Glen Rice,4.4,2.1,1.0,0.3,18.3
Glen Rice,1.5,0.6,0.4,0.1,2.7
Clint Richardson,2.4,2.5,0.6,0.2,7.0
Jason Richardson,5.0,2.7,1.2,0.4,17.1
Jeremy Richardson,0.6,0.1,0.1,0.0,1.9
Josh Richardson,3.2,2.9,1.1,0.6,12.4
Malachi Richardson,1.0,0.3,0.2,0.0,2.8
Micheal Ray Richardson,5.5,7.0,2.6,0.4,14.8
Norm Richardson,0.7,0.2,0.0,0.0,2.7
Pooh Richardson,2.8,6.5,1.3,0.2,11.1
Quentin Richardson,4.7,1.5,0.8,0.2,10.3
Mitch Richmond,3.9,3.5,1.2,0.3,21.0
Isaiah Rider,3.8,2.7,0.7,0.2,16.7
Luke Ridnour,2.3,4.5,1.0,0.2,9.3
Eric Riley,2.6,0.3,0.3,0.7,3.1
Ramón Rivas,0.9,0.1,0.1,0.0,1.4
Austin Rivers,2.1,2.3,0.7,0.2,9.1
David Rivers,1.3,2.5,0.5,0.1,3.4
Doc Rivers,3.0,5.7,1.8,0.4,10.9
Andre Roberson,4.0,0.9,0.9,0.6,4.5
Anthony Roberson,0.8,0.5,0.4,0.0,4.1
Anthony Roberts,3.9,1.2,0.4,0.1,7.8
Brian Roberts,1.3,2.3,0.4,0.1,6.6
Fred Roberts,2.8,1.2,0.5,0.3,7.3
Lawrence Roberts,3.6,0.4,0.5,0.2,3.8
Stanley Roberts,5.2,0.6,0.4,1.3,8.5
Alvin Robertson,5.2,5.0,2.7,0.4,14.0
Ryan Robertson,0.0,0.0,0.0,0.0,5.0
Rick Robey,4.7,1.2,0.4,0.2,7.6
Bernard Robinson,2.5,1.0,0.9,0.1,4.5
Chris Robinson,1.5,1.4,0.6,0.2,4.6
Cliff Robinson,8.3,2.0,1.0,0.7,17.2
Clifford Robinson,4.6,2.2,1.0,1.0,14.2
David Robinson,10.6,2.5,1.4,3.0,21.1
Devin Robinson,3.1,0.8,0.6,0.8,6.1
Duncan Robinson,3.2,1.4,0.5,0.2,12.2
Eddie Robinson,2.7,0.9,0.8,0.3,7.0
Glenn Robinson,6.1,2.7,1.2,0.6,20.7
Glenn Robinson,2.6,0.8,0.5,0.2,5.9
Jackie Robinson,1.2,0.6,0.4,0.2,3.8
James Robinson,1.7,1.9,0.5,0.2,7.6
Jerome Robinson,1.8,1.2,0.5,0.2,4.5
Larry Robinson,1.9,0.9,0.6,0.0,4.5
Nate Robinson,2.3,3.0,0.9,0.1,11.0
Oliver Robinson,0.5,0.6,0.1,0.1,2.9
Rumeal Robinson,1.8,3.5,0.9,0.2,7.6
Thomas Robinson,4.8,0.6,0.5,0.4,4.9
Truck Robinson,9.4,1.7,0.7,0.7,15.5
Bill Robinzine,6.1,1.1,1.1,0.2,10.5
Isaiah Roby,5.4,1.7,0.8,0.6,8.4
Dennis Rodman,13.1,1.8,0.7,0.6,7.3
Sergio Rodríguez,1.5,3.4,0.6,0.0,4.9
Lou Roe,1.4,0.3,0.2,0.1,2.0
Carlos Rogers,4.3,0.6,0.4,0.8,7.4
Johnny Rogers,1.5,0.4,0.2,0.2,3.6
Rodney Rogers,4.5,2.0,1.0,0.5,10.9
Roy Rogers,3.5,0.4,0.2,1.5,4.8
Tree Rollins,5.8,0.6,0.4,2.2,5.4
Lorenzo Romar,1.3,3.5,0.8,0.1,5.9
Rajon Rondo,4.7,8.1,1.6,0.1,10.0
Sean Rooks,3.8,0.8,0.3,0.7,6.2
Derrick Rose,3.4,5.5,0.8,0.3,18.5
Jalen Rose,3.5,3.8,0.8,0.3,14.3
Malik Rose,4.1,0.8,0.6,0.4,6.2
Quinton Ross,2.1,0.9,0.6,0.3,4.1
Terrence Ross,2.9,1.2,0.9,0.3,11.3
Doug Roth,2.9,0.5,0.2,0.3,1.9
Scott Roth,1.3,1.2,0.5,0.1,4.7
Ron Rowan,0.1,0.1,0.6,0.0,1.7
Brian Rowsom,3.3,0.6,0.4,0.3,5.6
Brandon Roy,4.3,4.7,1.0,0.2,18.8
Donald Royal,2.8,1.0,0.5,0.2,6.3
Clifford Rozier,5.2,0.6,0.5,0.7,4.8
Terry Rozier,3.8,2.8,0.8,0.2,10.9
Ricky Rubio,4.2,7.7,1.8,0.1,11.1
Delaney Rudd,0.8,2.2,0.3,0.0,3.4
Damjan Rudež,0.6,0.6,0.2,0.0,3.3
Michael Ruffin,3.9,0.6,0.5,0.5,1.7
Trevor Ruffin,1.4,2.9,0.5,0.0,9.2
Jeff Ruland,10.2,3.0,0.8,0.8,17.4
Brandon Rush,2.9,1.0,0.5,0.5,6.8
Kareem Rush,1.7,1.0,0.4,0.2,6.4
Bryon Russell,3.5,1.3,1.0,0.2,7.9
Campy Russell,4.8,3.0,1.0,0.2,15.8
D'Angelo Russell,3.6,5.2,1.1,0.3,17.6
Walker Russell,1.2,2.3,0.4,0.1,3.0
Walker Russell,0.9,2.1,0.6,0.0,3.0
Arvydas Sabonis,7.3,2.1,0.8,1.1,12.0
Domantas Sabonis,8.4,3.1,0.7,0.4,13.2
Robert Sacre,3.1,0.7,0.3,0.6,4.2
John Salley,4.5,1.2,0.6,1.3,7.0
John Salmons,2.9,2.4,0.8,0.3,9.3
Luka Šamanić,2.3,0.5,0.2,0.2,3.9
Cheikh Samb,1.4,0.0,0.2,0.5,1.0
Brandon Sampson,1.1,0.7,0.6,0.2,5.1
JaKarr Sampson,2.6,0.7,0.4,0.4,5.1
Jamal Sampson,3.4,0.4,0.1,0.4,2.0
Ralph Sampson,8.8,2.3,0.9,1.6,15.4
Samardo Samuels,3.4,0.4,0.3,0.4,5.9
Pepe Sánchez,0.6,1.3,0.4,0.0,0.5
Larry Sanders,5.7,0.7,0.6,1.8,6.4
Melvin Sanders,1.4,0.2,0.3,0.0,2.6
Mike Sanders,3.0,1.4,0.7,0.3,8.0
Dario Šarić,6.0,2.0,0.6,0.2,12.1
Jason Sasser,1.1,0.3,0.4,0.0,2.1
Jeryl Sasser,2.3,0.8,0.6,0.1,2.5
Tomáš Satoranský,3.0,4.2,0.9,0.2,7.5
Kenny Satterfield,1.3,2.3,0.7,0.0,4.3
Predrag Savović,0.9,0.8,0.5,0.0,3.1
Brian Scalabrine,2.0,0.8,0.3,0.2,3.1
DeWayne Scales,2.9,0.2,0.3,0.1,4.6
Danny Schayes,5.0,1.1,0.5,0.7,7.7
Steve Scheffler,1.0,0.1,0.2,0.0,1.9
Dwayne Schintzius,2.5,0.4,0.1,0.5,2.7
Russ Schoene,2.5,0.6,0.4,0.2,5.1
Admiral Schofield,1.4,0.5,0.2,0.1,3.0
Detlef Schrempf,6.2,3.4,0.8,0.3,13.9
Dennis Schröder,2.9,4.6,0.8,0.1,14.2
John Schweitz,1.0,0.8,0.0,0.0,2.6
Luis Scola,6.7,1.6,0.6,0.3,12.0
Alvin Scott,3.2,1.4,0.6,0.6,4.9
Byron Scott,2.8,2.5,1.1,0.3,14.1
Dennis Scott,2.8,2.1,0.8,0.3,12.9
James Scott,0.8,0.4,0.3,0.0,0.1
Mike Scott,3.2,0.9,0.3,0.1,6.8
Carey Scurry,2.9,1.1,1.0,0.8,4.7
Shea Seals,1.0,0.0,0.3,0.0,1.0
Malik Sealy,3.2,1.7,1.1,0.3,10.1
Thabo Sefolosha,3.7,1.4,1.1,0.4,5.7
Rony Seikaly,9.5,1.3,0.7,1.3,14.7
Josh Selby,0.5,0.9,0.2,0.0,2.2
Wayne Selden,2.0,1.5,0.5,0.2,7.3
Brad Sellers,2.7,1.1,0.3,0.6,6.3
Kevin Séraphin,3.5,0.6,0.2,0.7,5.9
Ansu Sesay,1.8,0.5,0.3,0.2,3.2
Ramon Sessions,2.7,4.1,0.7,0.1,10.3
Tom Sewell,0.2,0.3,0.1,0.0,1.0
Collin Sexton,3.0,3.2,0.8,0.1,19.7
Charles Shackleford,4.8,0.6,0.4,0.5,5.4
Mustafa Shakur,0.9,1.2,0.2,0.1,2.1
Landry Shamet,1.8,1.5,0.4,0.1,8.9
God Shammgod,0.4,1.8,0.4,0.1,3.1
Walter Sharpe,0.4,0.0,0.0,0.3,1.0
John Shasky,2.8,0.3,0.2,0.3,3.8
Brian Shaw,3.4,4.2,0.8,0.3,6.9
Marial Shayok,1.8,0.3,0.0,0.3,2.8
Craig Shelton,2.4,0.5,0.3,0.1,4.1
Lonnie Shelton,6.1,2.2,1.1,0.8,12.0
Tornike Shengelia,0.9,0.4,0.1,0.0,1.3
Jeff Sheppard,1.2,0.9,0.2,0.0,2.2
Ed Sherod,2.3,4.9,1.5,0.2,6.2
Paul Shirley,1.1,0.4,0.1,0.1,1.8
Purvis Short,4.3,2.5,1.0,0.2,17.3
Iman Shumpert,3.3,1.8,1.1,0.3,7.2
Alexey Shved,2.0,2.5,0.6,0.3,7.4
Pascal Siakam,5.8,2.6,0.8,0.7,13.8
Jerry Sichting,1.4,3.3,0.7,0.0,6.9
Jack Sikma,9.8,3.2,1.0,0.9,15.6
Xavier Silas,1.5,0.8,0.3,0.0,2.8
Chris Silva,2.7,0.5,0.2,0.5,2.9
Ben Simmons,8.2,7.9,1.7,0.7,16.2
Bobby Simmons,3.8,1.5,0.8,0.2,9.0
Jonathon Simmons,2.4,1.9,0.6,0.2,8.3
Kobi Simmons,1.5,2.1,0.5,0.2,5.9
Lionel Simmons,6.2,3.3,1.1,0.8,12.8
Anfernee Simons,2.0,1.3,0.3,0.1,7.5
Dickey Simpkins,3.6,0.9,0.3,0.2,4.2
Alvin Sims,1.0,1.3,0.5,0.0,2.8
Henry Sims,5.0,1.0,0.6,0.5,7.6
Kyle Singler,2.9,0.8,0.6,0.3,6.5
Sean Singletary,0.9,0.8,0.3,0.0,2.4
Chris Singleton,3.2,0.6,0.8,0.4,4.1
James Singleton,3.7,0.4,0.4,0.5,3.9
Deividas Sirvydis,0.3,0.1,0.1,0.0,0.7
Charlie Sitton,1.4,0.6,0.2,0.1,2.1
Peyton Siva,0.6,1.4,0.4,0.0,2.3
Scott Skiles,2.5,6.5,0.8,0.0,11.1
Brian Skinner,4.7,0.5,0.4,0.9,4.7
Reggie Slater,3.0,0.6,0.4,0.2,5.6
Jose Slaughter,1.1,0.8,0.6,0.1,3.6
Tamar Slay,1.1,0.5,0.4,0.1,2.6
Donald Sloan,2.1,3.0,0.4,0.0,5.5
Uroš Slokar,0.7,0.1,0.1,0.1,1.9
Tom Sluby,0.4,0.5,0.1,0.0,2.4
Alen Smailagić,1.6,0.7,0.2,0.3,3.7
Keith Smart,0.5,1.0,0.0,0.0,1.0
Marcus Smart,3.5,4.2,1.6,0.4,10.1
Charles Smith,5.8,1.4,0.8,1.4,14.4
Charles Smith,1.0,1.6,0.5,0.0,2.5
Charles Smith,1.4,0.9,0.6,0.5,5.1
Chris Smith,1.3,2.8,0.5,0.3,5.1
Clinton Smith,1.3,1.1,0.3,0.0,2.9
Craig Smith,3.9,0.8,0.5,0.2,7.6
Dennis Smith,3.1,4.4,1.1,0.3,11.9
Derek Smith,3.2,2.1,0.6,0.4,12.8
Donta Smith,1.1,0.8,0.5,0.1,2.7
Doug Smith,4.2,1.4,0.8,0.5,8.0
Greg Smith,3.3,0.3,0.2,0.4,4.0
Ish Smith,2.5,3.9,0.7,0.2,7.7
J.R. Smith,3.1,2.1,1.0,0.2,12.4
Jabari Smith,1.6,0.6,0.3,0.2,3.0
Jalen Smith,1.0,0.1,0.0,0.1,1.3
Jason Smith,3.4,0.7,0.3,0.7,6.1
Joe Smith,6.4,1.0,0.6,0.8,10.9
Josh Smith,7.4,3.1,1.2,1.9,14.5
Keith Smith,0.8,1.0,0.6,0.1,3.3
Kenny Smith,2.0,5.5,1.0,0.1,12.8
LaBradford Smith,1.5,2.2,0.8,0.1,6.7
Larry Smith,9.2,1.1,0.8,0.5,6.7
Michael Smith,1.5,1.0,0.1,0.0,5.0
Michael Smith,7.1,1.5,0.8,0.6,5.6
Mike Smith,1.3,0.6,0.3,0.2,3.0
Nolan Smith,1.0,1.2,0.3,0.0,3.3
Otis Smith,3.8,1.8,1.0,0.5,10.5
Phil Smith,3.0,3.9,1.1,0.3,15.1
Randy Smith,3.7,4.6,1.7,0.1,16.7
Reggie Smith,1.8,0.1,0.2,0.1,1.5
Robert Smith,1.3,1.8,0.5,0.1,5.0
Russ Smith,0.6,0.7,0.3,0.0,2.0
Steve Smith,3.2,3.1,0.8,0.3,14.3
Stevin Smith,1.3,0.5,0.1,0.0,1.8
Theron Smith,3.0,0.7,0.2,0.2,2.8
Tony Smith,1.6,1.9,0.7,0.2,5.5
Zhaire Smith,1.2,0.9,0.4,0.2,3.7
Rik Smits,6.1,1.4,0.4,1.3,14.8
Mike Smrek,2.2,0.3,0.2,0.8,2.9
Tony Snell,2.3,1.2,0.5,0.2,6.4
Eric Snow,2.5,5.0,1.2,0.1,6.8
Kirk Snyder,2.3,1.1,0.4,0.3,6.3
Ricky Sobers,2.6,4.3,1.3,0.2,13.3
Will Solomon,1.1,2.0,0.5,0.1,5.1
Darius Songaila,3.4,1.2,0.7,0.2,6.9
James Southerland,2.0,0.0,0.3,0.5,3.5
Ray Spalding,3.3,0.3,0.6,0.6,3.6
Jim Spanarkel,2.5,2.2,1.0,0.1,9.7
Vassilis Spanoulis,0.7,0.9,0.2,0.0,2.7
Rory Sparrow,2.1,5.0,1.0,0.1,9.0
Marreese Speights,4.1,0.7,0.3,0.5,7.9
Omari Spellman,4.3,1.0,0.6,0.5,6.8
Andre Spencer,3.2,1.0,0.8,0.3,7.2
Elmore Spencer,3.5,0.7,0.3,1.1,5.9
Felton Spencer,5.4,0.3,0.4,0.8,5.2
Tiago Splitter,5.0,1.2,0.6,0.6,7.9
Latrell Sprewell,4.1,4.0,1.4,0.4,18.3
Larry Spriggs,2.3,1.3,0.5,0.2,5.2
Ryan Stack,1.8,0.2,0.1,0.5,2.3
Jerry Stackhouse,3.2,3.3,0.9,0.5,16.9
Kevin Stacom,1.5,1.5,0.3,0.0,5.1
Cassius Stanley,0.7,0.0,0.0,0.2,1.0
Terence Stansbury,1.4,2.0,0.6,0.1,6.3
John Starks,2.5,3.6,1.1,0.1,12.5
Nik Stauskas,2.1,1.5,0.4,0.2,6.8
Matt Steigenga,1.5,1.0,0.5,0.5,1.5
Vladimir Stepania,4.4,0.3,0.4,0.5,4.1
Everette Stephens,0.6,1.0,0.2,0.1,1.9
Joe Stephens,2.0,0.5,0.5,0.1,3.2
Lance Stephenson,4.2,2.9,0.7,0.1,8.6
Brook Steppe,1.4,1.2,0.4,0.1,5.4
Lamar Stevens,2.7,0.7,0.5,0.4,4.5
DeShawn Stevenson,2.2,1.6,0.5,0.2,7.2
Isaiah Stewart,5.7,0.8,0.5,1.0,6.4
Larry Stewart,4.0,1.3,0.5,0.4,7.4
Greg Stiemsma,3.3,0.5,0.6,1.1,3.2
Steve Stipanovich,7.8,2.3,1.0,0.9,13.2
Bryant Stith,3.4,2.0,1.0,0.2,10.1
Alex Stivrins,1.0,0.2,0.1,0.1,2.0
David Stockton,0.3,1.5,0.3,0.0,3.0
John Stockton,2.7,10.5,2.2,0.2,13.1
Peja Stojaković,4.7,1.8,0.9,0.1,17.0
Greg Stokes,1.5,0.4,0.3,0.3,3.1
Julyan Stone,1.1,1.1,0.2,0.1,1.1
Awvee Storey,1.4,0.4,0.2,0.0,2.4
Damon Stoudamire,3.5,6.1,1.1,0.1,13.4
Salim Stoudamire,1.4,1.0,0.4,0.1,8.0
Amar'e Stoudemire,7.8,1.2,0.8,1.2,18.9
D.J. Strawberry,0.8,0.9,0.4,0.2,2.2
Erick Strickland,2.6,2.4,0.8,0.1,7.5
Mark Strickland,2.7,0.4,0.3,0.4,4.6
Rod Strickland,3.7,7.3,1.5,0.2,13.2
John Stroeder,1.8,0.5,0.1,0.3,1.8
Derek Strong,4.9,0.6,0.4,0.2,6.8
Lamont Strothers,1.2,1.1,0.7,0.1,4.6
Max Strus,1.0,0.5,0.2,0.0,6.3
Rodney Stuckey,2.9,3.6,0.9,0.1,12.6
Jared Sullinger,7.5,1.8,0.7,0.6,10.8
DaJuan Summers,1.0,0.3,0.2,0.1,3.3
Edmond Sumner,1.4,1.0,0.5,0.2,4.6
Bruno Šundov,1.0,0.2,0.1,0.1,1.7
Jon Sundvold,1.1,2.9,0.4,0.0,7.7
Bob Sura,3.4,3.8,1.0,0.2,8.6
Dane Suttle,1.1,1.0,0.5,0.0,5.9
Greg Sutton,0.9,1.7,0.5,0.1,4.5
Caleb Swanigan,2.9,0.7,0.2,0.1,2.3
Mike Sweetney,4.5,0.6,0.3,0.5,6.5
Stromile Swift,4.6,0.5,0.6,1.2,8.4
Pape Sy,1.0,0.7,0.3,0.0,2.3
Brett Szabo,2.4,0.2,0.2,0.5,2.2
Wally Szczerbiak,4.0,2.4,0.6,0.2,14.1
Žan Tabak,3.6,0.7,0.3,0.5,5.0
Yuta Tabuse,1.0,0.8,0.0,0.0,1.8
Roy Tarpley,10.0,1.0,1.1,1.2,12.6
Jae'Sean Tate,5.4,1.9,1.1,0.6,10.5
Jayson Tatum,6.1,2.5,1.2,0.7,18.6
Anthony Taylor,1.6,2.0,1.0,0.2,6.9
Donell Taylor,1.1,0.9,0.5,0.1,2.7
Isaiah Taylor,1.4,2.9,0.5,0.2,6.3
Jay Taylor,0.6,0.3,0.3,0.2,3.0
Jeff Taylor,1.5,2.0,0.8,0.3,3.2
Jeffery Taylor,2.0,0.8,0.5,0.2,6.1
Jermaine Taylor,1.7,0.7,0.4,0.1,5.4
Johnny Taylor,2.2,0.5,0.6,0.4,4.7
Leonard Taylor,1.2,0.1,0.0,0.0,1.1
Maurice Taylor,4.6,1.2,0.5,0.5,11.0
Mike Taylor,1.7,2.1,0.7,0.0,5.7
Tyshawn Taylor,0.5,0.9,0.4,0.0,2.9
Terry Teagle,2.6,1.4,0.8,0.2,11.6
Jeff Teague,2.4,5.6,1.2,0.3,12.3
Marquis Teague,1.0,1.5,0.3,0.1,2.4
Mirza Teletović,3.2,0.8,0.3,0.3,8.1
Sebastian Telfair,1.6,3.5,0.7,0.1,7.4
Garrett Temple,2.3,1.7,0.8,0.3,6.5
Miloš Teodosić,2.4,4.0,0.4,0.1,8.0
Jared Terrell,0.4,0.9,0.2,0.1,2.2
Carlos Terry,2.4,1.3,0.6,0.3,3.0
Jason Terry,2.3,3.8,1.1,0.2,13.4
Tyrell Terry,0.5,0.5,0.5,0.0,1.0
Daniel Theis,4.8,1.3,0.5,0.9,7.2
Reggie Theus,3.3,6.3,1.2,0.2,18.5
Peter Thibeaux,1.5,0.5,0.4,0.3,5.0
David Thirdkill,1.2,0.5,0.3,0.1,2.8
Adonis Thomas,0.5,0.5,0.0,0.0,2.3
Billy Thomas,1.0,0.5,0.5,0.0,2.7
Brodric Thomas,1.2,0.9,0.5,0.4,3.7
Carl Thomas,1.0,0.4,0.4,0.1,2.9
Charles Thomas,0.6,0.6,0.1,0.0,1.3
Isaiah Thomas,2.5,5.0,0.9,0.1,18.1
Isiah Thomas,3.6,9.3,1.9,0.3,19.2
Jamel Thomas,1.2,0.5,0.3,0.0,2.5
Jim Thomas,2.6,2.3,0.9,0.1,8.4
John Thomas,2.1,0.3,0.3,0.2,2.7
Kenny Thomas,6.9,1.5,0.8,0.4,9.3
Khyri Thomas,0.6,0.3,0.3,0.1,2.3
Kurt Thomas,6.6,1.1,0.7,0.8,8.1
Lance Thomas,2.6,0.7,0.4,0.1,5.1
Malcolm Thomas,2.4,0.4,0.2,0.2,1.9
Matt Thomas,1.3,0.5,0.2,0.0,4.0
Tim Thomas,4.1,1.5,0.7,0.4,11.5
Tyrus Thomas,4.8,0.9,0.8,1.3,7.7
Trey Thompkins,1.0,0.1,0.1,0.1,2.4
Bernard Thompson,1.7,1.3,0.6,0.1,5.3
Billy Thompson,5.4,1.7,0.5,0.9,8.6
Brooks Thompson,0.9,1.7,0.5,0.0,4.5
Dijon Thompson,1.2,0.2,0.2,0.1,2.8
Hollis Thompson,3.1,1.1,0.6,0.3,7.7
Jason Thompson,6.6,1.1,0.5,0.7,8.9
Kevin Thompson,0.9,0.2,0.0,0.1,0.9
Klay Thompson,3.5,2.3,0.9,0.5,19.5
LaSalle Thompson,6.8,1.2,0.8,1.0,7.9
Mychal Thompson,7.4,2.3,0.7,1.1,13.7
Paul Thompson,3.5,1.5,0.9,0.5,8.9
Stephen Thompson,1.0,0.4,0.3,0.2,1.6
Tristan Thompson,8.7,1.0,0.5,0.7,9.4
Al Thornton,4.2,1.2,0.6,0.5,11.9
Bob Thornton,2.5,0.3,0.3,0.1,3.0
Marcus Thornton,2.8,1.4,0.8,0.1,11.9
Sindarius Thornwell,1.3,0.6,0.4,0.2,2.5
Otis Thorpe,8.2,2.2,0.7,0.4,14.0
Sedale Threatt,1.8,3.8,1.2,0.1,9.8
Matisse Thybulle,1.7,1.1,1.5,0.8,4.3
Killian Tillie,0.9,0.1,0.3,0.6,2.0
Darren Tillis,2.5,0.3,0.2,0.7,3.4
Xavier Tillman,4.1,1.4,0.8,0.5,6.3
Jamaal Tinsley,2.9,6.1,1.4,0.3,8.5
Wayman Tisdale,6.1,1.3,0.6,0.6,15.3
Ray Tolbert,2.3,0.5,0.3,0.4,3.6
Tom Tolbert,4.0,0.9,0.4,0.3,6.5
Anthony Tolliver,3.3,0.9,0.4,0.3,6.2
Andrew Toney,2.2,4.2,0.8,0.2,15.9
Sedric Toney,0.9,2.1,0.4,0.0,3.7
Andy Toolson,1.2,0.5,0.2,0.0,2.7
Obi Toppin,2.2,0.5,0.3,0.3,4.2
Óscar Torres,1.6,0.5,0.4,0.1,5.4
Juan Toscano-Anderson,3.8,2.1,0.7,0.4,4.9
Axel Toupane,1.2,0.6,0.3,0.3,3.0
Keith Tower,1.3,0.1,0.1,0.2,1.8
Linton Townes,1.1,0.5,0.3,0.1,4.3
Karl-Anthony Towns,11.7,2.9,0.8,1.5,22.8
Raymond Townsend,1.0,1.4,0.6,0.1,4.8
Robert Traylor,3.7,0.7,0.6,0.7,4.8
Gary Trent,4.5,1.0,0.4,0.3,8.6
Gary Trent,1.8,1.1,0.8,0.2,10.5
Jeff Trepagnier,1.4,0.7,0.6,0.1,2.8
Allonzo Trier,2.6,1.7,0.4,0.2,9.7
Kelly Tripucka,3.8,3.0,1.0,0.2,17.2
Jake Tsakalidis,3.9,0.3,0.2,0.7,4.8
Nikoloz Tskitishvili,1.8,0.7,0.3,0.3,2.9
Alando Tucker,1.0,0.3,0.1,0.0,4.1
Anthony Tucker,2.7,1.1,0.7,0.2,3.9
P.J. Tucker,5.7,1.4,1.2,0.3,7.2
Rayjon Tucker,0.9,0.3,0.0,0.0,3.0
Trent Tucker,2.0,2.0,0.9,0.1,8.2
Ronny Turiaf,3.7,1.3,0.4,1.3,4.7
Mirsad Türkcan,1.9,0.3,0.2,0.1,1.9
Hedo Türkoğlu,4.0,2.8,0.8,0.3,11.1
Andre Turner,1.5,3.1,0.8,0.0,4.5
Elston Turner,2.7,1.8,0.9,0.1,4.7
Evan Turner,4.6,3.5,0.8,0.3,9.7
Henry Turner,1.2,0.4,0.4,0.1,3.4
Jeff Turner,3.3,1.0,0.4,0.1,6.0
Myles Turner,6.6,1.2,0.7,2.2,12.7
Melvin Turpin,4.6,0.5,0.4,1.0,8.5
B.J. Tyler,1.1,3.2,0.7,0.0,3.5
Jeremy Tyler,2.6,0.2,0.2,0.4,3.6
Terry Tyler,5.4,1.2,0.9,1.5,10.2
Edwin Ubiles,2.5,0.3,0.3,0.3,3.5
Ekpe Udoh,2.9,0.7,0.5,1.1,3.5
Ime Udoka,2.9,1.0,0.7,0.2,5.2
Beno Udrih,2.1,3.4,0.7,0.1,8.4
Roko Ukić,0.9,1.9,0.4,0.0,4.0
Tyler Ulis,1.7,4.0,0.9,0.1,7.5
Kelvin Upshaw,1.2,2.1,0.7,0.1,5.4
Jarrod Uthoff,1.8,0.6,0.2,0.3,3.7
Ben Uzoh,2.1,2.2,0.5,0.2,4.0
Jonas Valančiūnas,9.1,1.0,0.4,1.0,12.7
Darnell Valentine,2.1,5.0,1.5,0.1,8.7
Denzel Valentine,3.7,2.0,0.7,0.1,7.7
Nick Van Exel,2.9,6.6,0.8,0.1,14.4
Keith Van Horn,6.8,1.6,0.8,0.5,16.0
Fred VanVleet,2.8,4.4,1.2,0.3,12.0
Logan Vander Velden,0.4,0.1,0.0,0.0,0.6
Jarred Vanderbilt,3.7,0.9,0.7,0.4,3.8
Kiki Vandeweghe,3.4,2.1,0.6,0.3,19.7
Nick Vanos,3.5,0.9,0.3,0.4,3.3
David Vanterpool,1.7,3.0,1.0,0.1,5.5
Anderson Varejão,7.2,1.2,0.9,0.6,7.3
Greivis Vásquez,2.5,4.8,0.6,0.1,9.0
Devin Vassell,3.0,0.9,0.9,0.3,5.3
David Vaughn,3.1,0.3,0.3,0.4,2.9
Jacque Vaughn,1.3,2.5,0.5,0.0,4.5
Rashad Vaughn,1.1,0.5,0.4,0.2,3.0
Loy Vaught,7.1,0.9,0.7,0.3,10.1
Pete Verhoeven,2.3,0.5,0.5,0.2,3.5
Jan Veselý,3.5,0.6,0.7,0.5,3.6
Gundars Vētra,0.6,0.5,0.2,0.0,3.5
Charlie Villanueva,4.6,0.8,0.5,0.5,10.4
Gabe Vincent,1.0,1.3,0.5,0.0,4.9
Jay Vincent,5.5,2.0,0.7,0.3,15.2
Sam Vincent,2.1,3.9,0.7,0.2,7.8
Marcus Vinicius,0.7,0.3,0.1,0.1,1.9
Fred Vinson,0.1,0.1,0.2,0.0,1.3
Alexander Volkov,2.6,2.2,0.7,0.3,6.8
Noah Vonleh,5.1,0.8,0.4,0.4,4.9
Jake Voskuhl,3.4,0.5,0.3,0.4,4.0
Danny Vranes,3.9,1.2,0.7,0.5,5.1
Jackson Vroman,3.0,0.6,0.4,0.3,3.3
Nikola Vučević,10.3,2.7,0.9,0.9,16.7
Sasha Vujačić,1.9,1.3,0.6,0.1,5.3
Dean Wade,2.4,0.8,0.3,0.3,4.1
Dwyane Wade,4.7,5.4,1.5,0.8,22.0
Mark Wade,1.3,3.0,0.6,0.1,0.7
Von Wafer,1.2,0.7,0.4,0.1,5.3
Dajuan Wagner,1.4,1.9,0.7,0.1,9.4
Milt Wagner,0.7,1.4,0.2,0.1,4.1
Moritz Wagner,3.3,1.0,0.5,0.3,6.7
Dion Waiters,2.6,2.8,0.9,0.3,13.1
Granville Waiters,2.2,0.5,0.2,0.7,2.4
Antoine Walker,7.7,3.5,1.2,0.5,17.5
Darrell Walker,4.4,4.6,1.5,0.3,8.9
Foots Walker,2.6,4.7,1.5,0.1,6.4
Henry Walker,2.2,0.8,0.5,0.1,6.0
Kemba Walker,3.8,5.4,1.3,0.4,19.8
Kenny Walker,4.0,0.7,0.5,0.7,7.0
Lonnie Walker,2.3,1.2,0.5,0.3,7.5
Samaki Walker,4.7,0.6,0.3,0.7,5.3
Wally Walker,3.1,1.5,0.4,0.2,7.0
John Wall,4.3,9.1,1.7,0.7,19.0
Ben Wallace,9.6,1.3,1.3,2.0,5.7
Gerald Wallace,5.8,2.1,1.4,0.8,11.9
John Wallace,2.8,0.7,0.4,0.6,7.6
Rasheed Wallace,6.7,1.8,1.0,1.3,14.4
Tyrone Wallace,2.2,1.2,0.5,0.2,5.2
Jamie Waller,1.4,0.3,0.4,0.1,4.7
Rex Walters,1.2,1.7,0.4,0.1,4.6
Bill Walton,10.5,3.4,0.8,2.2,13.3
Derrick Walton,0.8,1.0,0.3,0.1,2.0
Luke Walton,2.8,2.3,0.6,0.2,4.7
Brad Wanamaker,1.7,2.3,0.7,0.1,5.6
Charlie Ward,2.6,4.0,1.2,0.2,6.3
Casper Ware,1.0,1.1,0.9,0.0,5.3
T.J. Warren,4.1,1.2,1.0,0.5,15.5
Willie Warren,0.6,1.4,0.3,0.0,1.9
Bryan Warrick,1.3,2.6,0.5,0.1,4.0
Hakim Warrick,4.0,0.8,0.4,0.3,9.4
Chris Washburn,2.4,0.3,0.2,0.2,3.1
Julian Washburn,2.3,0.8,0.7,0.1,2.2
Darius Washington,1.1,0.8,0.3,0.0,2.9
Duane Washington,1.3,2.1,0.7,0.0,2.8
Eric Washington,2.1,1.0,0.8,0.4,6.9
Kermit Washington,8.3,1.4,0.8,1.1,9.2
P.J. Washington,5.9,2.4,0.9,1.0,12.0
Pearl Washington,1.9,3.8,1.3,0.1,8.6
Richard Washington,6.3,1.2,0.6,0.8,9.8
Yuta Watanabe,2.3,0.4,0.3,0.3,2.4
Tremont Waters,0.8,2.0,0.7,0.1,3.1
C.J. Watson,1.9,2.5,0.9,0.1,7.2
Earl Watson,2.3,4.4,1.0,0.2,6.4
Jamie Watson,1.5,1.1,0.6,0.2,3.2
Paul Watson,1.5,0.6,0.3,0.1,3.0
Maalik Wayns,0.3,1.0,0.3,0.0,2.7
Travis Wear,2.1,0.7,0.3,0.2,4.0
Clarence Weatherspoon,7.5,1.5,1.0,0.9,11.5
Quinndary Weatherspoon,0.4,0.7,0.3,0.1,0.8
Kyle Weaver,2.2,1.6,0.8,0.5,5.0
Marcus Webb,1.1,0.2,0.1,0.2,4.3
Spud Webb,2.1,5.3,1.1,0.1,9.9
Chris Webber,9.8,4.2,1.4,1.4,20.7
Briante Weber,1.9,1.4,0.9,0.2,3.2
Martell Webster,3.1,1.0,0.5,0.3,8.7
Scott Wedman,4.8,2.0,0.9,0.3,13.2
Sonny Weems,2.2,1.4,0.5,0.2,6.5
Bonzi Wells,4.6,2.1,1.3,0.3,12.1
Bubba Wells,1.7,0.9,0.4,0.1,3.3
Chris Welp,2.4,0.4,0.3,0.5,3.3
Jiří Welsch,2.4,1.5,0.8,0.1,6.1
Thomas Welsh,0.4,0.5,0.0,0.0,1.6
Bill Wennington,3.0,0.6,0.3,0.3,4.6
Robert Werdann,1.7,0.2,0.3,0.2,2.1
David Wesley,2.5,4.4,1.3,0.2,12.5
David West,6.4,2.2,0.7,0.8,13.6
Delonte West,2.9,3.6,1.1,0.4,9.7
Doug West,2.5,1.9,0.7,0.3,9.6
Mario West,0.9,0.3,0.3,0.0,1.0
Mark West,4.9,0.4,0.3,1.3,5.7
Russell Westbrook,7.2,8.4,1.7,0.3,23.2
Paul Westphal,1.9,4.4,1.3,0.3,15.6
Ennis Whatley,1.8,4.6,1.0,0.1,5.6
DeJuan Wheat,0.7,1.6,0.4,0.0,3.3
Clinton Wheeler,0.8,1.8,0.7,0.0,2.9
Andrew White,2.3,0.4,0.2,0.1,4.6
Coby White,3.9,3.5,0.7,0.1,13.9
D.J. White,3.2,0.6,0.3,0.4,5.9
Derrick White,3.2,3.4,0.8,0.8,10.3
Eric White,2.4,0.5,0.3,0.1,6.1
Jahidi White,5.8,0.2,0.4,1.1,5.9
James White,1.0,0.5,0.3,0.1,2.7
Okaro White,2.2,0.5,0.3,0.3,2.7
Randy White,4.9,0.6,0.7,0.5,7.4
Rodney White,2.2,1.1,0.5,0.3,7.1
Rory White,2.3,0.7,0.6,0.2,7.4
Tony White,0.6,1.2,0.4,0.0,5.3
Willie White,1.0,1.0,0.3,0.0,3.7
Isaiah Whitehead,2.4,2.4,0.6,0.4,7.2
Jerome Whitehead,4.8,0.6,0.4,0.3,6.5
Donald Whiteside,0.4,1.2,0.4,0.0,2.0
Hassan Whiteside,11.4,0.7,0.6,2.4,13.4
Chris Whitney,1.4,2.8,0.6,0.1,6.5
Hawkeye Whitney,2.1,1.2,0.8,0.1,5.8
Shayne Whittington,1.5,0.3,0.2,0.1,2.5
Andrew Wiggins,4.4,2.3,1.0,0.6,19.6
Mitchell Wiggins,3.2,1.6,1.0,0.1,10.0
C.J. Wilcox,0.5,0.5,0.2,0.1,2.0
Chris Wilcox,4.9,0.7,0.5,0.4,8.2
Jacob Wiley,2.2,0.4,0.2,0.0,0.8
Michael Wiley,2.6,0.7,0.5,0.2,7.4
Morlon Wiley,1.2,2.4,0.8,0.1,3.7
Bob Wilkerson,4.2,3.4,1.3,0.3,10.1
Jamaal Wilkes,6.2,2.5,1.3,0.3,17.7
James Wilkes,2.4,0.9,0.5,0.3,4.8
Damien Wilkins,2.3,1.4,0.7,0.2,6.2
Dominique Wilkins,6.7,2.5,1.3,0.6,24.8
Eddie Lee Wilkins,3.1,0.2,0.3,0.2,4.8
Gerald Wilkins,2.9,3.0,1.0,0.2,13.0
Jeff Wilkins,5.7,1.0,0.4,0.5,7.9
Dale Wilkinson,0.3,0.2,0.0,0.0,1.2
Mike Wilks,1.0,1.2,0.4,0.0,2.5
Aaron Williams,3.9,0.7,0.4,0.8,5.8
Alan Williams,5.5,0.6,0.6,0.6,6.2
Alvin Williams,2.5,4.1,1.2,0.2,9.0
Brandon Williams,1.0,0.2,0.4,0.2,2.3
Buck Williams,10.0,1.3,0.8,0.8,12.8
C.J. Williams,1.2,1.0,0.7,0.2,4.7
Corey Williams,0.9,0.7,0.2,0.1,2.4
Deron Williams,3.1,8.1,1.0,0.2,16.3
Derrick Williams,4.0,0.7,0.5,0.3,8.9
Elliot Williams,1.5,0.9,0.4,0.1,4.9
Eric Williams,3.3,1.4,0.8,0.2,8.6
Frank Williams,0.9,1.9,0.4,0.1,2.9
Freeman Williams,1.6,1.6,0.8,0.1,14.7
Grant Williams,2.8,1.0,0.5,0.5,3.9
Gus Williams,2.7,5.6,2.0,0.4,17.1
Guy Williams,1.3,0.3,0.2,0.2,2.6
Herb Williams,5.9,1.7,0.5,1.5,10.8
Hot Rod Williams,6.8,1.8,0.8,1.6,11.0
Jason Williams,2.3,5.9,1.2,0.1,10.5
Jawad Williams,1.5,0.6,0.2,0.1,3.8
Jay Williams,2.6,4.7,1.1,0.2,9.5
Jayson Williams,7.5,0.6,0.4,0.6,7.3
Jerome Williams,6.4,0.8,1.1,0.2,6.6
John Williams,5.1,2.9,1.3,0.4,10.1
Johnathan Williams,4.2,0.5,0.2,0.4,5.2
Justin Williams,3.3,0.0,0.2,0.4,3.4
Kenny Williams,2.7,0.6,0.3,0.6,4.8
Kenrich Williams,4.5,1.7,0.8,0.4,5.8
Kevin Williams,1.4,1.2,0.6,0.1,4.9
Lorenzo Williams,6.3,1.0,0.5,1.4,3.0
Lou Williams,2.3,3.5,0.9,0.2,14.4
Marcus Williams,1.8,2.8,0.4,0.0,5.6
Marvin Williams,5.2,1.3,0.8,0.5,10.2
Micheal Williams,2.5,5.8,1.7,0.2,11.0
Mike Williams,1.1,0.1,0.1,0.3,0.7
Mo Williams,2.8,4.9,0.9,0.1,13.2
Monty Williams,2.8,1.2,0.6,0.3,6.3
Patrick Williams,4.8,1.3,0.7,0.7,9.8
Ray Williams,3.6,5.8,1.8,0.3,15.5
Reggie Williams,4.0,2.5,1.3,0.7,12.5
Reggie Williams,2.4,1.5,0.4,0.1,7.8
Rickey Williams,0.9,0.8,0.5,0.1,3.3
Rob Williams,2.2,5.4,1.1,0.1,8.6
Robert Williams,4.8,1.0,0.7,1.5,5.5
Sam Williams,4.5,0.6,0.8,1.2,6.3
Scott Williams,4.7,0.6,0.5,0.6,5.1
Sean Williams,3.4,0.3,0.3,1.2,4.2
Shammond Williams,1.6,2.4,0.6,0.0,5.8
Shawne Williams,3.0,0.7,0.4,0.5,5.6
Shelden Williams,4.3,0.5,0.5,0.5,4.5
Sly Williams,4.2,2.0,1.1,0.2,10.9
Terrence Williams,3.6,2.4,0.5,0.1,7.1
Travis Williams,2.4,0.5,0.4,0.1,3.2
Troy Williams,2.7,0.7,0.8,0.3,6.0
Walt Williams,3.9,2.3,0.9,0.6,11.8
Nigel Williams-Goss,0.6,0.6,0.3,0.1,1.4
Corliss Williamson,3.9,1.2,0.6,0.3,11.1
Zion Williamson,6.8,3.0,0.8,0.6,25.0
Kevin Willis,8.4,0.9,0.7,0.5,12.1
Bill Willoughby,3.9,0.8,0.4,0.6,6.0
Dedric Willoughby,2.0,2.6,0.9,0.1,7.6
D.J. Wilson,3.0,0.7,0.2,0.3,4.1
Jamil Wilson,2.1,0.7,0.3,0.5,7.0
Michael Wilson,1.1,1.4,0.5,0.2,3.4
Othell Wilson,1.7,3.3,0.9,0.1,4.2
Ricky Wilson,1.1,2.9,1.0,0.1,5.2
Trevor Wilson,3.4,1.0,0.5,0.1,5.7
Kyle Wiltjer,0.7,0.1,0.2,0.1,0.9
Kennard Winchester,1.1,0.4,0.2,0.2,3.4
Dylan Windler,3.5,1.1,0.6,0.4,5.2
David Wingate,1.9,1.9,0.8,0.2,5.6
Dontonio Wingfield,2.4,0.7,0.3,0.1,3.7
Justise Winslow,5.3,2.7,0.9,0.4,8.9
Rickie Winslow,1.0,0.3,0.1,0.0,1.0
Cassius Winston,0.6,0.8,0.2,0.1,2.3
Brian Winters,2.6,4.1,1.2,0.3,16.2
James Wiseman,5.8,0.7,0.3,1.0,11.5
Jeff Withey,2.5,0.3,0.3,0.8,3.2
Randy Wittman,1.4,2.2,0.5,0.1,7.4
Garry Witts,1.3,0.8,0.4,0.1,2.9
Joe Wolf,3.3,1.0,0.4,0.2,4.2
Rubén Wolkowyski,1.1,0.1,0.1,0.4,2.0
Nate Wolters,2.2,2.5,0.5,0.2,5.5
Al Wood,3.0,1.8,0.7,0.4,11.8
Christian Wood,5.7,0.8,0.5,0.8,11.6
David Wood,2.4,0.7,0.4,0.2,3.9
Howard Wood,1.5,0.2,0.2,0.1,3.4
Leon Wood,1.2,3.2,0.5,0.0,6.4
Robert Woodard,1.0,0.0,0.0,0.2,1.6
Loren Woods,3.2,0.3,0.3,0.6,2.6
Qyntel Woods,2.3,0.6,0.4,0.2,4.1
Randy Woods,0.6,1.7,0.6,0.0,2.4
Mike Woodson,2.3,2.3,1.2,0.3,14.0
Orlando Woolridge,4.3,1.9,0.6,0.7,16.0
Haywoode Workman,2.3,3.9,1.0,0.1,5.5
Metta World Peace,4.5,2.7,1.7,0.5,13.2
Sam Worthen,1.7,1.7,0.8,0.1,3.5
James Worthy,5.1,3.0,1.1,0.7,17.6
Antoine Wright,2.3,1.0,0.5,0.2,5.4
Bracey Wright,1.5,0.8,0.4,0.0,5.0
Brad Wright,3.4,0.1,0.2,0.4,3.4
Brandan Wright,3.6,0.5,0.5,1.0,7.0
Chris Wright,2.0,0.3,0.4,0.6,3.7
Delon Wright,3.2,3.1,1.1,0.4,7.6
Dorell Wright,3.8,1.5,0.8,0.5,8.4
Howard Wright,2.5,0.2,0.2,0.3,3.3
Julian Wright,2.3,0.8,0.6,0.3,3.9
Larry Wright,1.6,3.4,0.8,0.2,8.2
Lorenzen Wright,6.4,0.8,0.6,0.7,8.0
Luther Wright,0.7,0.0,0.1,0.1,1.3
Sharone Wright,5.0,0.6,0.4,1.0,9.7
Justin Wright-Foreman,1.3,1.8,0.5,0.0,4.8
Tony Wroten,2.5,3.0,0.9,0.2,11.1
A.J. Wynder,0.5,1.3,0.2,0.0,2.0
Guerschon Yabusele,1.4,0.4,0.2,0.2,2.3
Vincent Yarbrough,2.7,2.2,1.0,0.6,6.9
Danny Young,1.2,2.9,0.9,0.1,4.6
James Young,1.0,0.3,0.3,0.1,2.3
Joe Young,1.0,0.9,0.3,0.0,3.4
Korleone Young,1.3,0.3,0.0,0.0,4.3
Michael Young,1.8,0.5,0.5,0.1,4.6
Nick Young,2.0,1.0,0.5,0.2,11.4
Sam Young,2.3,0.7,0.5,0.2,5.8
Thaddeus Young,5.9,1.8,1.5,0.4,13.1
Trae Young,3.9,8.8,0.9,0.2,24.1
Cody Zeller,6.0,1.4,0.7,0.7,8.7
Tyler Zeller,4.4,0.9,0.3,0.6,6.9
Wang Zhizhi,1.7,0.3,0.2,0.3,4.4
George Zídek,2.1,0.2,0.1,0.1,3.4
Paul Zipser,2.6,0.8,0.4,0.3,4.7
Ivica Zubac,5.9,1.0,0.3,0.8,7.6
